"TIME","GEO","INDIC_IL","Value"
"1995","European Union (EU6-1958, EU9-1973, EU10-1981, EU12-1986, EU15-1995, EU25-2004, EU27-2007, EU28-2013, EU27-2020)","Gini coefficient (scale from 0 to 100)",":"
"1995","European Union - 27 countries (from 2020)","Gini coefficient (scale from 0 to 100)",":"
"1995","European Union - 28 countries (2013-2020)","Gini coefficient (scale from 0 to 100)",":"
"1995","European Union - 27 countries (2007-2013)","Gini coefficient (scale from 0 to 100)",":"
"1995","European Union - 25 countries (2004-2006)","Gini coefficient (scale from 0 to 100)",":"
"1995","European Union - 15 countries (1995-2004)","Gini coefficient (scale from 0 to 100)","31"
"1995","New Member States - 10 countries (2004-2006)","Gini coefficient (scale from 0 to 100)",":"
"1995","Euro area (EA11-1999, EA12-2001, EA13-2007, EA15-2008, EA16-2009, EA17-2011, EA18-2014, EA19-2015)","Gini coefficient (scale from 0 to 100)",":"
"1995","Euro area - 19 countries  (from 2015)","Gini coefficient (scale from 0 to 100)",":"
"1995","Euro area - 18 countries (2014)","Gini coefficient (scale from 0 to 100)",":"
"1995","Belgium","Gini coefficient (scale from 0 to 100)","29"
"1995","Bulgaria","Gini coefficient (scale from 0 to 100)",":"
"1995","Czechia","Gini coefficient (scale from 0 to 100)",":"
"1995","Denmark","Gini coefficient (scale from 0 to 100)","20"
"1995","Germany (until 1990 former territory of the FRG)","Gini coefficient (scale from 0 to 100)","29"
"1995","Estonia","Gini coefficient (scale from 0 to 100)",":"
"1995","Ireland","Gini coefficient (scale from 0 to 100)","33"
"1995","Greece","Gini coefficient (scale from 0 to 100)","35"
"1995","Spain","Gini coefficient (scale from 0 to 100)","34"
"1995","France","Gini coefficient (scale from 0 to 100)","29"
"1995","Croatia","Gini coefficient (scale from 0 to 100)",":"
"1995","Italy","Gini coefficient (scale from 0 to 100)","33"
"1995","Cyprus","Gini coefficient (scale from 0 to 100)",":"
"1995","Latvia","Gini coefficient (scale from 0 to 100)",":"
"1995","Lithuania","Gini coefficient (scale from 0 to 100)",":"
"1995","Luxembourg","Gini coefficient (scale from 0 to 100)","29"
"1995","Hungary","Gini coefficient (scale from 0 to 100)",":"
"1995","Malta","Gini coefficient (scale from 0 to 100)",":"
"1995","Netherlands","Gini coefficient (scale from 0 to 100)","29"
"1995","Austria","Gini coefficient (scale from 0 to 100)","27"
"1995","Poland","Gini coefficient (scale from 0 to 100)",":"
"1995","Portugal","Gini coefficient (scale from 0 to 100)","37"
"1995","Romania","Gini coefficient (scale from 0 to 100)",":"
"1995","Slovenia","Gini coefficient (scale from 0 to 100)",":"
"1995","Slovakia","Gini coefficient (scale from 0 to 100)",":"
"1995","Finland","Gini coefficient (scale from 0 to 100)",":"
"1995","Sweden","Gini coefficient (scale from 0 to 100)",":"
"1995","Iceland","Gini coefficient (scale from 0 to 100)",":"
"1995","Norway","Gini coefficient (scale from 0 to 100)",":"
"1995","Switzerland","Gini coefficient (scale from 0 to 100)",":"
"1995","United Kingdom","Gini coefficient (scale from 0 to 100)","32"
"1995","Montenegro","Gini coefficient (scale from 0 to 100)",":"
"1995","North Macedonia","Gini coefficient (scale from 0 to 100)",":"
"1995","Serbia","Gini coefficient (scale from 0 to 100)",":"
"1995","Turkey","Gini coefficient (scale from 0 to 100)",":"
"1995","Kosovo (under United Nations Security Council Resolution 1244/99)","Gini coefficient (scale from 0 to 100)",":"
"1996","European Union (EU6-1958, EU9-1973, EU10-1981, EU12-1986, EU15-1995, EU25-2004, EU27-2007, EU28-2013, EU27-2020)","Gini coefficient (scale from 0 to 100)",":"
"1996","European Union - 27 countries (from 2020)","Gini coefficient (scale from 0 to 100)",":"
"1996","European Union - 28 countries (2013-2020)","Gini coefficient (scale from 0 to 100)",":"
"1996","European Union - 27 countries (2007-2013)","Gini coefficient (scale from 0 to 100)",":"
"1996","European Union - 25 countries (2004-2006)","Gini coefficient (scale from 0 to 100)",":"
"1996","European Union - 15 countries (1995-2004)","Gini coefficient (scale from 0 to 100)","30"
"1996","New Member States - 10 countries (2004-2006)","Gini coefficient (scale from 0 to 100)",":"
"1996","Euro area (EA11-1999, EA12-2001, EA13-2007, EA15-2008, EA16-2009, EA17-2011, EA18-2014, EA19-2015)","Gini coefficient (scale from 0 to 100)",":"
"1996","Euro area - 19 countries  (from 2015)","Gini coefficient (scale from 0 to 100)",":"
"1996","Euro area - 18 countries (2014)","Gini coefficient (scale from 0 to 100)",":"
"1996","Belgium","Gini coefficient (scale from 0 to 100)","28"
"1996","Bulgaria","Gini coefficient (scale from 0 to 100)",":"
"1996","Czechia","Gini coefficient (scale from 0 to 100)",":"
"1996","Denmark","Gini coefficient (scale from 0 to 100)",":"
"1996","Germany (until 1990 former territory of the FRG)","Gini coefficient (scale from 0 to 100)","27"
"1996","Estonia","Gini coefficient (scale from 0 to 100)",":"
"1996","Ireland","Gini coefficient (scale from 0 to 100)","33"
"1996","Greece","Gini coefficient (scale from 0 to 100)","34"
"1996","Spain","Gini coefficient (scale from 0 to 100)","34"
"1996","France","Gini coefficient (scale from 0 to 100)","29"
"1996","Croatia","Gini coefficient (scale from 0 to 100)",":"
"1996","Italy","Gini coefficient (scale from 0 to 100)","32"
"1996","Cyprus","Gini coefficient (scale from 0 to 100)",":"
"1996","Latvia","Gini coefficient (scale from 0 to 100)",":"
"1996","Lithuania","Gini coefficient (scale from 0 to 100)",":"
"1996","Luxembourg","Gini coefficient (scale from 0 to 100)","28"
"1996","Hungary","Gini coefficient (scale from 0 to 100)",":"
"1996","Malta","Gini coefficient (scale from 0 to 100)",":"
"1996","Netherlands","Gini coefficient (scale from 0 to 100)","29"
"1996","Austria","Gini coefficient (scale from 0 to 100)","26"
"1996","Poland","Gini coefficient (scale from 0 to 100)",":"
"1996","Portugal","Gini coefficient (scale from 0 to 100)","36"
"1996","Romania","Gini coefficient (scale from 0 to 100)",":"
"1996","Slovenia","Gini coefficient (scale from 0 to 100)",":"
"1996","Slovakia","Gini coefficient (scale from 0 to 100)",":"
"1996","Finland","Gini coefficient (scale from 0 to 100)","22"
"1996","Sweden","Gini coefficient (scale from 0 to 100)",":"
"1996","Iceland","Gini coefficient (scale from 0 to 100)",":"
"1996","Norway","Gini coefficient (scale from 0 to 100)",":"
"1996","Switzerland","Gini coefficient (scale from 0 to 100)",":"
"1996","United Kingdom","Gini coefficient (scale from 0 to 100)","32"
"1996","Montenegro","Gini coefficient (scale from 0 to 100)",":"
"1996","North Macedonia","Gini coefficient (scale from 0 to 100)",":"
"1996","Serbia","Gini coefficient (scale from 0 to 100)",":"
"1996","Turkey","Gini coefficient (scale from 0 to 100)",":"
"1996","Kosovo (under United Nations Security Council Resolution 1244/99)","Gini coefficient (scale from 0 to 100)",":"
"1997","European Union (EU6-1958, EU9-1973, EU10-1981, EU12-1986, EU15-1995, EU25-2004, EU27-2007, EU28-2013, EU27-2020)","Gini coefficient (scale from 0 to 100)",":"
"1997","European Union - 27 countries (from 2020)","Gini coefficient (scale from 0 to 100)",":"
"1997","European Union - 28 countries (2013-2020)","Gini coefficient (scale from 0 to 100)",":"
"1997","European Union - 27 countries (2007-2013)","Gini coefficient (scale from 0 to 100)",":"
"1997","European Union - 25 countries (2004-2006)","Gini coefficient (scale from 0 to 100)",":"
"1997","European Union - 15 countries (1995-2004)","Gini coefficient (scale from 0 to 100)","29"
"1997","New Member States - 10 countries (2004-2006)","Gini coefficient (scale from 0 to 100)",":"
"1997","Euro area (EA11-1999, EA12-2001, EA13-2007, EA15-2008, EA16-2009, EA17-2011, EA18-2014, EA19-2015)","Gini coefficient (scale from 0 to 100)",":"
"1997","Euro area - 19 countries  (from 2015)","Gini coefficient (scale from 0 to 100)",":"
"1997","Euro area - 18 countries (2014)","Gini coefficient (scale from 0 to 100)",":"
"1997","Belgium","Gini coefficient (scale from 0 to 100)","27"
"1997","Bulgaria","Gini coefficient (scale from 0 to 100)",":"
"1997","Czechia","Gini coefficient (scale from 0 to 100)",":"
"1997","Denmark","Gini coefficient (scale from 0 to 100)","20"
"1997","Germany (until 1990 former territory of the FRG)","Gini coefficient (scale from 0 to 100)","25"
"1997","Estonia","Gini coefficient (scale from 0 to 100)",":"
"1997","Ireland","Gini coefficient (scale from 0 to 100)","33"
"1997","Greece","Gini coefficient (scale from 0 to 100)","35"
"1997","Spain","Gini coefficient (scale from 0 to 100)","35"
"1997","France","Gini coefficient (scale from 0 to 100)","29"
"1997","Croatia","Gini coefficient (scale from 0 to 100)",":"
"1997","Italy","Gini coefficient (scale from 0 to 100)","31"
"1997","Cyprus","Gini coefficient (scale from 0 to 100)","29"
"1997","Latvia","Gini coefficient (scale from 0 to 100)",":"
"1997","Lithuania","Gini coefficient (scale from 0 to 100)",":"
"1997","Luxembourg","Gini coefficient (scale from 0 to 100)","25"
"1997","Hungary","Gini coefficient (scale from 0 to 100)",":"
"1997","Malta","Gini coefficient (scale from 0 to 100)",":"
"1997","Netherlands","Gini coefficient (scale from 0 to 100)","26"
"1997","Austria","Gini coefficient (scale from 0 to 100)","25"
"1997","Poland","Gini coefficient (scale from 0 to 100)",":"
"1997","Portugal","Gini coefficient (scale from 0 to 100)","36"
"1997","Romania","Gini coefficient (scale from 0 to 100)",":"
"1997","Slovenia","Gini coefficient (scale from 0 to 100)",":"
"1997","Slovakia","Gini coefficient (scale from 0 to 100)",":"
"1997","Finland","Gini coefficient (scale from 0 to 100)","22"
"1997","Sweden","Gini coefficient (scale from 0 to 100)","21"
"1997","Iceland","Gini coefficient (scale from 0 to 100)",":"
"1997","Norway","Gini coefficient (scale from 0 to 100)",":"
"1997","Switzerland","Gini coefficient (scale from 0 to 100)",":"
"1997","United Kingdom","Gini coefficient (scale from 0 to 100)","30"
"1997","Montenegro","Gini coefficient (scale from 0 to 100)",":"
"1997","North Macedonia","Gini coefficient (scale from 0 to 100)",":"
"1997","Serbia","Gini coefficient (scale from 0 to 100)",":"
"1997","Turkey","Gini coefficient (scale from 0 to 100)",":"
"1997","Kosovo (under United Nations Security Council Resolution 1244/99)","Gini coefficient (scale from 0 to 100)",":"
"1998","European Union (EU6-1958, EU9-1973, EU10-1981, EU12-1986, EU15-1995, EU25-2004, EU27-2007, EU28-2013, EU27-2020)","Gini coefficient (scale from 0 to 100)",":"
"1998","European Union - 27 countries (from 2020)","Gini coefficient (scale from 0 to 100)",":"
"1998","European Union - 28 countries (2013-2020)","Gini coefficient (scale from 0 to 100)",":"
"1998","European Union - 27 countries (2007-2013)","Gini coefficient (scale from 0 to 100)",":"
"1998","European Union - 25 countries (2004-2006)","Gini coefficient (scale from 0 to 100)","29"
"1998","European Union - 15 countries (1995-2004)","Gini coefficient (scale from 0 to 100)","29"
"1998","New Member States - 10 countries (2004-2006)","Gini coefficient (scale from 0 to 100)",":"
"1998","Euro area (EA11-1999, EA12-2001, EA13-2007, EA15-2008, EA16-2009, EA17-2011, EA18-2014, EA19-2015)","Gini coefficient (scale from 0 to 100)",":"
"1998","Euro area - 19 countries  (from 2015)","Gini coefficient (scale from 0 to 100)",":"
"1998","Euro area - 18 countries (2014)","Gini coefficient (scale from 0 to 100)",":"
"1998","Belgium","Gini coefficient (scale from 0 to 100)","27"
"1998","Bulgaria","Gini coefficient (scale from 0 to 100)",":"
"1998","Czechia","Gini coefficient (scale from 0 to 100)",":"
"1998","Denmark","Gini coefficient (scale from 0 to 100)",":"
"1998","Germany (until 1990 former territory of the FRG)","Gini coefficient (scale from 0 to 100)","25"
"1998","Estonia","Gini coefficient (scale from 0 to 100)",":"
"1998","Ireland","Gini coefficient (scale from 0 to 100)","34"
"1998","Greece","Gini coefficient (scale from 0 to 100)","35"
"1998","Spain","Gini coefficient (scale from 0 to 100)","34"
"1998","France","Gini coefficient (scale from 0 to 100)","28"
"1998","Croatia","Gini coefficient (scale from 0 to 100)",":"
"1998","Italy","Gini coefficient (scale from 0 to 100)","31"
"1998","Cyprus","Gini coefficient (scale from 0 to 100)",":"
"1998","Latvia","Gini coefficient (scale from 0 to 100)",":"
"1998","Lithuania","Gini coefficient (scale from 0 to 100)",":"
"1998","Luxembourg","Gini coefficient (scale from 0 to 100)","26"
"1998","Hungary","Gini coefficient (scale from 0 to 100)",":"
"1998","Malta","Gini coefficient (scale from 0 to 100)",":"
"1998","Netherlands","Gini coefficient (scale from 0 to 100)","25"
"1998","Austria","Gini coefficient (scale from 0 to 100)","24"
"1998","Poland","Gini coefficient (scale from 0 to 100)",":"
"1998","Portugal","Gini coefficient (scale from 0 to 100)","37"
"1998","Romania","Gini coefficient (scale from 0 to 100)",":"
"1998","Slovenia","Gini coefficient (scale from 0 to 100)",":"
"1998","Slovakia","Gini coefficient (scale from 0 to 100)",":"
"1998","Finland","Gini coefficient (scale from 0 to 100)","22"
"1998","Sweden","Gini coefficient (scale from 0 to 100)",":"
"1998","Iceland","Gini coefficient (scale from 0 to 100)",":"
"1998","Norway","Gini coefficient (scale from 0 to 100)",":"
"1998","Switzerland","Gini coefficient (scale from 0 to 100)",":"
"1998","United Kingdom","Gini coefficient (scale from 0 to 100)","32"
"1998","Montenegro","Gini coefficient (scale from 0 to 100)",":"
"1998","North Macedonia","Gini coefficient (scale from 0 to 100)",":"
"1998","Serbia","Gini coefficient (scale from 0 to 100)",":"
"1998","Turkey","Gini coefficient (scale from 0 to 100)",":"
"1998","Kosovo (under United Nations Security Council Resolution 1244/99)","Gini coefficient (scale from 0 to 100)",":"
"1999","European Union (EU6-1958, EU9-1973, EU10-1981, EU12-1986, EU15-1995, EU25-2004, EU27-2007, EU28-2013, EU27-2020)","Gini coefficient (scale from 0 to 100)",":"
"1999","European Union - 27 countries (from 2020)","Gini coefficient (scale from 0 to 100)",":"
"1999","European Union - 28 countries (2013-2020)","Gini coefficient (scale from 0 to 100)",":"
"1999","European Union - 27 countries (2007-2013)","Gini coefficient (scale from 0 to 100)",":"
"1999","European Union - 25 countries (2004-2006)","Gini coefficient (scale from 0 to 100)","29"
"1999","European Union - 15 countries (1995-2004)","Gini coefficient (scale from 0 to 100)","29"
"1999","New Member States - 10 countries (2004-2006)","Gini coefficient (scale from 0 to 100)",":"
"1999","Euro area (EA11-1999, EA12-2001, EA13-2007, EA15-2008, EA16-2009, EA17-2011, EA18-2014, EA19-2015)","Gini coefficient (scale from 0 to 100)",":"
"1999","Euro area - 19 countries  (from 2015)","Gini coefficient (scale from 0 to 100)",":"
"1999","Euro area - 18 countries (2014)","Gini coefficient (scale from 0 to 100)",":"
"1999","Belgium","Gini coefficient (scale from 0 to 100)","29"
"1999","Bulgaria","Gini coefficient (scale from 0 to 100)",":"
"1999","Czechia","Gini coefficient (scale from 0 to 100)",":"
"1999","Denmark","Gini coefficient (scale from 0 to 100)","21"
"1999","Germany (until 1990 former territory of the FRG)","Gini coefficient (scale from 0 to 100)","25"
"1999","Estonia","Gini coefficient (scale from 0 to 100)",":"
"1999","Ireland","Gini coefficient (scale from 0 to 100)","32"
"1999","Greece","Gini coefficient (scale from 0 to 100)","34"
"1999","Spain","Gini coefficient (scale from 0 to 100)","33"
"1999","France","Gini coefficient (scale from 0 to 100)","29"
"1999","Croatia","Gini coefficient (scale from 0 to 100)",":"
"1999","Italy","Gini coefficient (scale from 0 to 100)","30"
"1999","Cyprus","Gini coefficient (scale from 0 to 100)",":"
"1999","Latvia","Gini coefficient (scale from 0 to 100)",":"
"1999","Lithuania","Gini coefficient (scale from 0 to 100)",":"
"1999","Luxembourg","Gini coefficient (scale from 0 to 100)","27"
"1999","Hungary","Gini coefficient (scale from 0 to 100)",":"
"1999","Malta","Gini coefficient (scale from 0 to 100)",":"
"1999","Netherlands","Gini coefficient (scale from 0 to 100)","26"
"1999","Austria","Gini coefficient (scale from 0 to 100)","26"
"1999","Poland","Gini coefficient (scale from 0 to 100)",":"
"1999","Portugal","Gini coefficient (scale from 0 to 100)","36"
"1999","Romania","Gini coefficient (scale from 0 to 100)",":"
"1999","Slovenia","Gini coefficient (scale from 0 to 100)",":"
"1999","Slovakia","Gini coefficient (scale from 0 to 100)",":"
"1999","Finland","Gini coefficient (scale from 0 to 100)","24"
"1999","Sweden","Gini coefficient (scale from 0 to 100)","22"
"1999","Iceland","Gini coefficient (scale from 0 to 100)",":"
"1999","Norway","Gini coefficient (scale from 0 to 100)",":"
"1999","Switzerland","Gini coefficient (scale from 0 to 100)",":"
"1999","United Kingdom","Gini coefficient (scale from 0 to 100)","32"
"1999","Montenegro","Gini coefficient (scale from 0 to 100)",":"
"1999","North Macedonia","Gini coefficient (scale from 0 to 100)",":"
"1999","Serbia","Gini coefficient (scale from 0 to 100)",":"
"1999","Turkey","Gini coefficient (scale from 0 to 100)",":"
"1999","Kosovo (under United Nations Security Council Resolution 1244/99)","Gini coefficient (scale from 0 to 100)",":"
"2000","European Union (EU6-1958, EU9-1973, EU10-1981, EU12-1986, EU15-1995, EU25-2004, EU27-2007, EU28-2013, EU27-2020)","Gini coefficient (scale from 0 to 100)",":"
"2000","European Union - 27 countries (from 2020)","Gini coefficient (scale from 0 to 100)",":"
"2000","European Union - 28 countries (2013-2020)","Gini coefficient (scale from 0 to 100)",":"
"2000","European Union - 27 countries (2007-2013)","Gini coefficient (scale from 0 to 100)",":"
"2000","European Union - 25 countries (2004-2006)","Gini coefficient (scale from 0 to 100)","29"
"2000","European Union - 15 countries (1995-2004)","Gini coefficient (scale from 0 to 100)","29"
"2000","New Member States - 10 countries (2004-2006)","Gini coefficient (scale from 0 to 100)",":"
"2000","Euro area (EA11-1999, EA12-2001, EA13-2007, EA15-2008, EA16-2009, EA17-2011, EA18-2014, EA19-2015)","Gini coefficient (scale from 0 to 100)",":"
"2000","Euro area - 19 countries  (from 2015)","Gini coefficient (scale from 0 to 100)",":"
"2000","Euro area - 18 countries (2014)","Gini coefficient (scale from 0 to 100)",":"
"2000","Belgium","Gini coefficient (scale from 0 to 100)","30"
"2000","Bulgaria","Gini coefficient (scale from 0 to 100)","25"
"2000","Czechia","Gini coefficient (scale from 0 to 100)",":"
"2000","Denmark","Gini coefficient (scale from 0 to 100)",":"
"2000","Germany (until 1990 former territory of the FRG)","Gini coefficient (scale from 0 to 100)","25"
"2000","Estonia","Gini coefficient (scale from 0 to 100)","36"
"2000","Ireland","Gini coefficient (scale from 0 to 100)","30"
"2000","Greece","Gini coefficient (scale from 0 to 100)","33"
"2000","Spain","Gini coefficient (scale from 0 to 100)","32"
"2000","France","Gini coefficient (scale from 0 to 100)","28"
"2000","Croatia","Gini coefficient (scale from 0 to 100)",":"
"2000","Italy","Gini coefficient (scale from 0 to 100)","29"
"2000","Cyprus","Gini coefficient (scale from 0 to 100)",":"
"2000","Latvia","Gini coefficient (scale from 0 to 100)","34"
"2000","Lithuania","Gini coefficient (scale from 0 to 100)","31"
"2000","Luxembourg","Gini coefficient (scale from 0 to 100)","26"
"2000","Hungary","Gini coefficient (scale from 0 to 100)","26"
"2000","Malta","Gini coefficient (scale from 0 to 100)","30"
"2000","Netherlands","Gini coefficient (scale from 0 to 100)","29"
"2000","Austria","Gini coefficient (scale from 0 to 100)","24"
"2000","Poland","Gini coefficient (scale from 0 to 100)","30"
"2000","Portugal","Gini coefficient (scale from 0 to 100)","36"
"2000","Romania","Gini coefficient (scale from 0 to 100)","29"
"2000","Slovenia","Gini coefficient (scale from 0 to 100)","22"
"2000","Slovakia","Gini coefficient (scale from 0 to 100)",":"
"2000","Finland","Gini coefficient (scale from 0 to 100)","24"
"2000","Sweden","Gini coefficient (scale from 0 to 100)",":"
"2000","Iceland","Gini coefficient (scale from 0 to 100)",":"
"2000","Norway","Gini coefficient (scale from 0 to 100)",":"
"2000","Switzerland","Gini coefficient (scale from 0 to 100)",":"
"2000","United Kingdom","Gini coefficient (scale from 0 to 100)","32"
"2000","Montenegro","Gini coefficient (scale from 0 to 100)",":"
"2000","North Macedonia","Gini coefficient (scale from 0 to 100)",":"
"2000","Serbia","Gini coefficient (scale from 0 to 100)",":"
"2000","Turkey","Gini coefficient (scale from 0 to 100)",":"
"2000","Kosovo (under United Nations Security Council Resolution 1244/99)","Gini coefficient (scale from 0 to 100)",":"
"2001","European Union (EU6-1958, EU9-1973, EU10-1981, EU12-1986, EU15-1995, EU25-2004, EU27-2007, EU28-2013, EU27-2020)","Gini coefficient (scale from 0 to 100)",":"
"2001","European Union - 27 countries (from 2020)","Gini coefficient (scale from 0 to 100)",":"
"2001","European Union - 28 countries (2013-2020)","Gini coefficient (scale from 0 to 100)",":"
"2001","European Union - 27 countries (2007-2013)","Gini coefficient (scale from 0 to 100)",":"
"2001","European Union - 25 countries (2004-2006)","Gini coefficient (scale from 0 to 100)","29"
"2001","European Union - 15 countries (1995-2004)","Gini coefficient (scale from 0 to 100)","29"
"2001","New Member States - 10 countries (2004-2006)","Gini coefficient (scale from 0 to 100)","29"
"2001","Euro area (EA11-1999, EA12-2001, EA13-2007, EA15-2008, EA16-2009, EA17-2011, EA18-2014, EA19-2015)","Gini coefficient (scale from 0 to 100)",":"
"2001","Euro area - 19 countries  (from 2015)","Gini coefficient (scale from 0 to 100)",":"
"2001","Euro area - 18 countries (2014)","Gini coefficient (scale from 0 to 100)",":"
"2001","Belgium","Gini coefficient (scale from 0 to 100)","28"
"2001","Bulgaria","Gini coefficient (scale from 0 to 100)","26"
"2001","Czechia","Gini coefficient (scale from 0 to 100)","25"
"2001","Denmark","Gini coefficient (scale from 0 to 100)","22"
"2001","Germany (until 1990 former territory of the FRG)","Gini coefficient (scale from 0 to 100)","25"
"2001","Estonia","Gini coefficient (scale from 0 to 100)","35"
"2001","Ireland","Gini coefficient (scale from 0 to 100)","29"
"2001","Greece","Gini coefficient (scale from 0 to 100)","33"
"2001","Spain","Gini coefficient (scale from 0 to 100)","33"
"2001","France","Gini coefficient (scale from 0 to 100)","27"
"2001","Croatia","Gini coefficient (scale from 0 to 100)",":"
"2001","Italy","Gini coefficient (scale from 0 to 100)","29"
"2001","Cyprus","Gini coefficient (scale from 0 to 100)",":"
"2001","Latvia","Gini coefficient (scale from 0 to 100)",":"
"2001","Lithuania","Gini coefficient (scale from 0 to 100)","31"
"2001","Luxembourg","Gini coefficient (scale from 0 to 100)","27"
"2001","Hungary","Gini coefficient (scale from 0 to 100)","25"
"2001","Malta","Gini coefficient (scale from 0 to 100)",":"
"2001","Netherlands","Gini coefficient (scale from 0 to 100)","27"
"2001","Austria","Gini coefficient (scale from 0 to 100)","24"
"2001","Poland","Gini coefficient (scale from 0 to 100)","30"
"2001","Portugal","Gini coefficient (scale from 0 to 100)","37"
"2001","Romania","Gini coefficient (scale from 0 to 100)","30"
"2001","Slovenia","Gini coefficient (scale from 0 to 100)","22"
"2001","Slovakia","Gini coefficient (scale from 0 to 100)",":"
"2001","Finland","Gini coefficient (scale from 0 to 100)","27"
"2001","Sweden","Gini coefficient (scale from 0 to 100)","24"
"2001","Iceland","Gini coefficient (scale from 0 to 100)",":"
"2001","Norway","Gini coefficient (scale from 0 to 100)",":"
"2001","Switzerland","Gini coefficient (scale from 0 to 100)",":"
"2001","United Kingdom","Gini coefficient (scale from 0 to 100)","35"
"2001","Montenegro","Gini coefficient (scale from 0 to 100)",":"
"2001","North Macedonia","Gini coefficient (scale from 0 to 100)",":"
"2001","Serbia","Gini coefficient (scale from 0 to 100)",":"
"2001","Turkey","Gini coefficient (scale from 0 to 100)",":"
"2001","Kosovo (under United Nations Security Council Resolution 1244/99)","Gini coefficient (scale from 0 to 100)",":"
"2002","European Union (EU6-1958, EU9-1973, EU10-1981, EU12-1986, EU15-1995, EU25-2004, EU27-2007, EU28-2013, EU27-2020)","Gini coefficient (scale from 0 to 100)",":"
"2002","European Union - 27 countries (from 2020)","Gini coefficient (scale from 0 to 100)",":"
"2002","European Union - 28 countries (2013-2020)","Gini coefficient (scale from 0 to 100)",":"
"2002","European Union - 27 countries (2007-2013)","Gini coefficient (scale from 0 to 100)",":"
"2002","European Union - 25 countries (2004-2006)","Gini coefficient (scale from 0 to 100)",":"
"2002","European Union - 15 countries (1995-2004)","Gini coefficient (scale from 0 to 100)",":"
"2002","New Member States - 10 countries (2004-2006)","Gini coefficient (scale from 0 to 100)","29"
"2002","Euro area (EA11-1999, EA12-2001, EA13-2007, EA15-2008, EA16-2009, EA17-2011, EA18-2014, EA19-2015)","Gini coefficient (scale from 0 to 100)",":"
"2002","Euro area - 19 countries  (from 2015)","Gini coefficient (scale from 0 to 100)",":"
"2002","Euro area - 18 countries (2014)","Gini coefficient (scale from 0 to 100)",":"
"2002","Belgium","Gini coefficient (scale from 0 to 100)",":"
"2002","Bulgaria","Gini coefficient (scale from 0 to 100)","26"
"2002","Czechia","Gini coefficient (scale from 0 to 100)",":"
"2002","Denmark","Gini coefficient (scale from 0 to 100)",":"
"2002","Germany (until 1990 former territory of the FRG)","Gini coefficient (scale from 0 to 100)",":"
"2002","Estonia","Gini coefficient (scale from 0 to 100)","35"
"2002","Ireland","Gini coefficient (scale from 0 to 100)",":"
"2002","Greece","Gini coefficient (scale from 0 to 100)",":"
"2002","Spain","Gini coefficient (scale from 0 to 100)","31"
"2002","France","Gini coefficient (scale from 0 to 100)","27"
"2002","Croatia","Gini coefficient (scale from 0 to 100)",":"
"2002","Italy","Gini coefficient (scale from 0 to 100)",":"
"2002","Cyprus","Gini coefficient (scale from 0 to 100)",":"
"2002","Latvia","Gini coefficient (scale from 0 to 100)",":"
"2002","Lithuania","Gini coefficient (scale from 0 to 100)",":"
"2002","Luxembourg","Gini coefficient (scale from 0 to 100)",":"
"2002","Hungary","Gini coefficient (scale from 0 to 100)","24"
"2002","Malta","Gini coefficient (scale from 0 to 100)",":"
"2002","Netherlands","Gini coefficient (scale from 0 to 100)","27"
"2002","Austria","Gini coefficient (scale from 0 to 100)",":"
"2002","Poland","Gini coefficient (scale from 0 to 100)",":"
"2002","Portugal","Gini coefficient (scale from 0 to 100)",":"
"2002","Romania","Gini coefficient (scale from 0 to 100)","30"
"2002","Slovenia","Gini coefficient (scale from 0 to 100)","22"
"2002","Slovakia","Gini coefficient (scale from 0 to 100)",":"
"2002","Finland","Gini coefficient (scale from 0 to 100)","26"
"2002","Sweden","Gini coefficient (scale from 0 to 100)","23"
"2002","Iceland","Gini coefficient (scale from 0 to 100)",":"
"2002","Norway","Gini coefficient (scale from 0 to 100)",":"
"2002","Switzerland","Gini coefficient (scale from 0 to 100)",":"
"2002","United Kingdom","Gini coefficient (scale from 0 to 100)","35"
"2002","Montenegro","Gini coefficient (scale from 0 to 100)",":"
"2002","North Macedonia","Gini coefficient (scale from 0 to 100)",":"
"2002","Serbia","Gini coefficient (scale from 0 to 100)",":"
"2002","Turkey","Gini coefficient (scale from 0 to 100)","46"
"2002","Kosovo (under United Nations Security Council Resolution 1244/99)","Gini coefficient (scale from 0 to 100)",":"
"2003","European Union (EU6-1958, EU9-1973, EU10-1981, EU12-1986, EU15-1995, EU25-2004, EU27-2007, EU28-2013, EU27-2020)","Gini coefficient (scale from 0 to 100)",":"
"2003","European Union - 27 countries (from 2020)","Gini coefficient (scale from 0 to 100)",":"
"2003","European Union - 28 countries (2013-2020)","Gini coefficient (scale from 0 to 100)",":"
"2003","European Union - 27 countries (2007-2013)","Gini coefficient (scale from 0 to 100)",":"
"2003","European Union - 25 countries (2004-2006)","Gini coefficient (scale from 0 to 100)",":"
"2003","European Union - 15 countries (1995-2004)","Gini coefficient (scale from 0 to 100)",":"
"2003","New Member States - 10 countries (2004-2006)","Gini coefficient (scale from 0 to 100)",":"
"2003","Euro area (EA11-1999, EA12-2001, EA13-2007, EA15-2008, EA16-2009, EA17-2011, EA18-2014, EA19-2015)","Gini coefficient (scale from 0 to 100)",":"
"2003","Euro area - 19 countries  (from 2015)","Gini coefficient (scale from 0 to 100)",":"
"2003","Euro area - 18 countries (2014)","Gini coefficient (scale from 0 to 100)",":"
"2003","Belgium","Gini coefficient (scale from 0 to 100)","28.3"
"2003","Bulgaria","Gini coefficient (scale from 0 to 100)",":"
"2003","Czechia","Gini coefficient (scale from 0 to 100)",":"
"2003","Denmark","Gini coefficient (scale from 0 to 100)","24.8"
"2003","Germany (until 1990 former territory of the FRG)","Gini coefficient (scale from 0 to 100)",":"
"2003","Estonia","Gini coefficient (scale from 0 to 100)",":"
"2003","Ireland","Gini coefficient (scale from 0 to 100)","30.6"
"2003","Greece","Gini coefficient (scale from 0 to 100)","34.7"
"2003","Spain","Gini coefficient (scale from 0 to 100)",":"
"2003","France","Gini coefficient (scale from 0 to 100)",":"
"2003","Croatia","Gini coefficient (scale from 0 to 100)",":"
"2003","Italy","Gini coefficient (scale from 0 to 100)",":"
"2003","Cyprus","Gini coefficient (scale from 0 to 100)",":"
"2003","Latvia","Gini coefficient (scale from 0 to 100)",":"
"2003","Lithuania","Gini coefficient (scale from 0 to 100)",":"
"2003","Luxembourg","Gini coefficient (scale from 0 to 100)","27.6"
"2003","Hungary","Gini coefficient (scale from 0 to 100)",":"
"2003","Malta","Gini coefficient (scale from 0 to 100)",":"
"2003","Netherlands","Gini coefficient (scale from 0 to 100)",":"
"2003","Austria","Gini coefficient (scale from 0 to 100)","27.4"
"2003","Poland","Gini coefficient (scale from 0 to 100)",":"
"2003","Portugal","Gini coefficient (scale from 0 to 100)",":"
"2003","Romania","Gini coefficient (scale from 0 to 100)",":"
"2003","Slovenia","Gini coefficient (scale from 0 to 100)",":"
"2003","Slovakia","Gini coefficient (scale from 0 to 100)",":"
"2003","Finland","Gini coefficient (scale from 0 to 100)",":"
"2003","Sweden","Gini coefficient (scale from 0 to 100)",":"
"2003","Iceland","Gini coefficient (scale from 0 to 100)",":"
"2003","Norway","Gini coefficient (scale from 0 to 100)","26.6"
"2003","Switzerland","Gini coefficient (scale from 0 to 100)",":"
"2003","United Kingdom","Gini coefficient (scale from 0 to 100)",":"
"2003","Montenegro","Gini coefficient (scale from 0 to 100)",":"
"2003","North Macedonia","Gini coefficient (scale from 0 to 100)",":"
"2003","Serbia","Gini coefficient (scale from 0 to 100)",":"
"2003","Turkey","Gini coefficient (scale from 0 to 100)",":"
"2003","Kosovo (under United Nations Security Council Resolution 1244/99)","Gini coefficient (scale from 0 to 100)",":"
"2004","European Union (EU6-1958, EU9-1973, EU10-1981, EU12-1986, EU15-1995, EU25-2004, EU27-2007, EU28-2013, EU27-2020)","Gini coefficient (scale from 0 to 100)",":"
"2004","European Union - 27 countries (from 2020)","Gini coefficient (scale from 0 to 100)",":"
"2004","European Union - 28 countries (2013-2020)","Gini coefficient (scale from 0 to 100)",":"
"2004","European Union - 27 countries (2007-2013)","Gini coefficient (scale from 0 to 100)",":"
"2004","European Union - 25 countries (2004-2006)","Gini coefficient (scale from 0 to 100)",":"
"2004","European Union - 15 countries (1995-2004)","Gini coefficient (scale from 0 to 100)",":"
"2004","New Member States - 10 countries (2004-2006)","Gini coefficient (scale from 0 to 100)",":"
"2004","Euro area (EA11-1999, EA12-2001, EA13-2007, EA15-2008, EA16-2009, EA17-2011, EA18-2014, EA19-2015)","Gini coefficient (scale from 0 to 100)",":"
"2004","Euro area - 19 countries  (from 2015)","Gini coefficient (scale from 0 to 100)",":"
"2004","Euro area - 18 countries (2014)","Gini coefficient (scale from 0 to 100)","30.7"
"2004","Belgium","Gini coefficient (scale from 0 to 100)","26.1"
"2004","Bulgaria","Gini coefficient (scale from 0 to 100)",":"
"2004","Czechia","Gini coefficient (scale from 0 to 100)",":"
"2004","Denmark","Gini coefficient (scale from 0 to 100)","23.9"
"2004","Germany (until 1990 former territory of the FRG)","Gini coefficient (scale from 0 to 100)",":"
"2004","Estonia","Gini coefficient (scale from 0 to 100)","37.4"
"2004","Ireland","Gini coefficient (scale from 0 to 100)","31.5"
"2004","Greece","Gini coefficient (scale from 0 to 100)","33.0"
"2004","Spain","Gini coefficient (scale from 0 to 100)","31.0"
"2004","France","Gini coefficient (scale from 0 to 100)","28.2"
"2004","Croatia","Gini coefficient (scale from 0 to 100)",":"
"2004","Italy","Gini coefficient (scale from 0 to 100)","32.9"
"2004","Cyprus","Gini coefficient (scale from 0 to 100)",":"
"2004","Latvia","Gini coefficient (scale from 0 to 100)",":"
"2004","Lithuania","Gini coefficient (scale from 0 to 100)",":"
"2004","Luxembourg","Gini coefficient (scale from 0 to 100)","26.5"
"2004","Hungary","Gini coefficient (scale from 0 to 100)",":"
"2004","Malta","Gini coefficient (scale from 0 to 100)",":"
"2004","Netherlands","Gini coefficient (scale from 0 to 100)",":"
"2004","Austria","Gini coefficient (scale from 0 to 100)","25.8"
"2004","Poland","Gini coefficient (scale from 0 to 100)",":"
"2004","Portugal","Gini coefficient (scale from 0 to 100)","37.8"
"2004","Romania","Gini coefficient (scale from 0 to 100)",":"
"2004","Slovenia","Gini coefficient (scale from 0 to 100)",":"
"2004","Slovakia","Gini coefficient (scale from 0 to 100)",":"
"2004","Finland","Gini coefficient (scale from 0 to 100)","25.5"
"2004","Sweden","Gini coefficient (scale from 0 to 100)","23.0"
"2004","Iceland","Gini coefficient (scale from 0 to 100)","24.1"
"2004","Norway","Gini coefficient (scale from 0 to 100)","25.2"
"2004","Switzerland","Gini coefficient (scale from 0 to 100)",":"
"2004","United Kingdom","Gini coefficient (scale from 0 to 100)",":"
"2004","Montenegro","Gini coefficient (scale from 0 to 100)",":"
"2004","North Macedonia","Gini coefficient (scale from 0 to 100)",":"
"2004","Serbia","Gini coefficient (scale from 0 to 100)",":"
"2004","Turkey","Gini coefficient (scale from 0 to 100)",":"
"2004","Kosovo (under United Nations Security Council Resolution 1244/99)","Gini coefficient (scale from 0 to 100)",":"
"2005","European Union (EU6-1958, EU9-1973, EU10-1981, EU12-1986, EU15-1995, EU25-2004, EU27-2007, EU28-2013, EU27-2020)","Gini coefficient (scale from 0 to 100)",":"
"2005","European Union - 27 countries (from 2020)","Gini coefficient (scale from 0 to 100)",":"
"2005","European Union - 28 countries (2013-2020)","Gini coefficient (scale from 0 to 100)",":"
"2005","European Union - 27 countries (2007-2013)","Gini coefficient (scale from 0 to 100)","30.6"
"2005","European Union - 25 countries (2004-2006)","Gini coefficient (scale from 0 to 100)",":"
"2005","European Union - 15 countries (1995-2004)","Gini coefficient (scale from 0 to 100)",":"
"2005","New Member States - 10 countries (2004-2006)","Gini coefficient (scale from 0 to 100)",":"
"2005","Euro area (EA11-1999, EA12-2001, EA13-2007, EA15-2008, EA16-2009, EA17-2011, EA18-2014, EA19-2015)","Gini coefficient (scale from 0 to 100)",":"
"2005","Euro area - 19 countries  (from 2015)","Gini coefficient (scale from 0 to 100)","29.4"
"2005","Euro area - 18 countries (2014)","Gini coefficient (scale from 0 to 100)","29.3"
"2005","Belgium","Gini coefficient (scale from 0 to 100)","28.0"
"2005","Bulgaria","Gini coefficient (scale from 0 to 100)",":"
"2005","Czechia","Gini coefficient (scale from 0 to 100)","26.0"
"2005","Denmark","Gini coefficient (scale from 0 to 100)","23.9"
"2005","Germany (until 1990 former territory of the FRG)","Gini coefficient (scale from 0 to 100)","26.1"
"2005","Estonia","Gini coefficient (scale from 0 to 100)","34.1"
"2005","Ireland","Gini coefficient (scale from 0 to 100)","31.9"
"2005","Greece","Gini coefficient (scale from 0 to 100)","33.2"
"2005","Spain","Gini coefficient (scale from 0 to 100)","32.2"
"2005","France","Gini coefficient (scale from 0 to 100)","27.7"
"2005","Croatia","Gini coefficient (scale from 0 to 100)",":"
"2005","Italy","Gini coefficient (scale from 0 to 100)","32.7"
"2005","Cyprus","Gini coefficient (scale from 0 to 100)","28.7"
"2005","Latvia","Gini coefficient (scale from 0 to 100)","36.2"
"2005","Lithuania","Gini coefficient (scale from 0 to 100)","36.3"
"2005","Luxembourg","Gini coefficient (scale from 0 to 100)","26.5"
"2005","Hungary","Gini coefficient (scale from 0 to 100)","27.6"
"2005","Malta","Gini coefficient (scale from 0 to 100)","27.0"
"2005","Netherlands","Gini coefficient (scale from 0 to 100)","26.9"
"2005","Austria","Gini coefficient (scale from 0 to 100)","26.3"
"2005","Poland","Gini coefficient (scale from 0 to 100)","35.6"
"2005","Portugal","Gini coefficient (scale from 0 to 100)","38.1"
"2005","Romania","Gini coefficient (scale from 0 to 100)",":"
"2005","Slovenia","Gini coefficient (scale from 0 to 100)","23.8"
"2005","Slovakia","Gini coefficient (scale from 0 to 100)","26.2"
"2005","Finland","Gini coefficient (scale from 0 to 100)","26.0"
"2005","Sweden","Gini coefficient (scale from 0 to 100)","23.4"
"2005","Iceland","Gini coefficient (scale from 0 to 100)","25.1"
"2005","Norway","Gini coefficient (scale from 0 to 100)","28.2"
"2005","Switzerland","Gini coefficient (scale from 0 to 100)",":"
"2005","United Kingdom","Gini coefficient (scale from 0 to 100)","34.6"
"2005","Montenegro","Gini coefficient (scale from 0 to 100)",":"
"2005","North Macedonia","Gini coefficient (scale from 0 to 100)",":"
"2005","Serbia","Gini coefficient (scale from 0 to 100)",":"
"2005","Turkey","Gini coefficient (scale from 0 to 100)",":"
"2005","Kosovo (under United Nations Security Council Resolution 1244/99)","Gini coefficient (scale from 0 to 100)",":"
"2006","European Union (EU6-1958, EU9-1973, EU10-1981, EU12-1986, EU15-1995, EU25-2004, EU27-2007, EU28-2013, EU27-2020)","Gini coefficient (scale from 0 to 100)",":"
"2006","European Union - 27 countries (from 2020)","Gini coefficient (scale from 0 to 100)",":"
"2006","European Union - 28 countries (2013-2020)","Gini coefficient (scale from 0 to 100)",":"
"2006","European Union - 27 countries (2007-2013)","Gini coefficient (scale from 0 to 100)","30.3"
"2006","European Union - 25 countries (2004-2006)","Gini coefficient (scale from 0 to 100)",":"
"2006","European Union - 15 countries (1995-2004)","Gini coefficient (scale from 0 to 100)",":"
"2006","New Member States - 10 countries (2004-2006)","Gini coefficient (scale from 0 to 100)",":"
"2006","Euro area (EA11-1999, EA12-2001, EA13-2007, EA15-2008, EA16-2009, EA17-2011, EA18-2014, EA19-2015)","Gini coefficient (scale from 0 to 100)",":"
"2006","Euro area - 19 countries  (from 2015)","Gini coefficient (scale from 0 to 100)","29.4"
"2006","Euro area - 18 countries (2014)","Gini coefficient (scale from 0 to 100)","29.3"
"2006","Belgium","Gini coefficient (scale from 0 to 100)","27.8"
"2006","Bulgaria","Gini coefficient (scale from 0 to 100)","31.2"
"2006","Czechia","Gini coefficient (scale from 0 to 100)","25.3"
"2006","Denmark","Gini coefficient (scale from 0 to 100)","23.7"
"2006","Germany (until 1990 former territory of the FRG)","Gini coefficient (scale from 0 to 100)","26.8"
"2006","Estonia","Gini coefficient (scale from 0 to 100)","33.1"
"2006","Ireland","Gini coefficient (scale from 0 to 100)","31.9"
"2006","Greece","Gini coefficient (scale from 0 to 100)","34.3"
"2006","Spain","Gini coefficient (scale from 0 to 100)","31.9"
"2006","France","Gini coefficient (scale from 0 to 100)","27.3"
"2006","Croatia","Gini coefficient (scale from 0 to 100)",":"
"2006","Italy","Gini coefficient (scale from 0 to 100)","32.1"
"2006","Cyprus","Gini coefficient (scale from 0 to 100)","28.8"
"2006","Latvia","Gini coefficient (scale from 0 to 100)","38.9"
"2006","Lithuania","Gini coefficient (scale from 0 to 100)","35.0"
"2006","Luxembourg","Gini coefficient (scale from 0 to 100)","27.8"
"2006","Hungary","Gini coefficient (scale from 0 to 100)","33.3"
"2006","Malta","Gini coefficient (scale from 0 to 100)","27.1"
"2006","Netherlands","Gini coefficient (scale from 0 to 100)","26.4"
"2006","Austria","Gini coefficient (scale from 0 to 100)","25.3"
"2006","Poland","Gini coefficient (scale from 0 to 100)","33.3"
"2006","Portugal","Gini coefficient (scale from 0 to 100)","37.7"
"2006","Romania","Gini coefficient (scale from 0 to 100)",":"
"2006","Slovenia","Gini coefficient (scale from 0 to 100)","23.7"
"2006","Slovakia","Gini coefficient (scale from 0 to 100)","28.1"
"2006","Finland","Gini coefficient (scale from 0 to 100)","25.9"
"2006","Sweden","Gini coefficient (scale from 0 to 100)","24.0"
"2006","Iceland","Gini coefficient (scale from 0 to 100)","26.3"
"2006","Norway","Gini coefficient (scale from 0 to 100)","29.2"
"2006","Switzerland","Gini coefficient (scale from 0 to 100)",":"
"2006","United Kingdom","Gini coefficient (scale from 0 to 100)","32.5"
"2006","Montenegro","Gini coefficient (scale from 0 to 100)",":"
"2006","North Macedonia","Gini coefficient (scale from 0 to 100)",":"
"2006","Serbia","Gini coefficient (scale from 0 to 100)",":"
"2006","Turkey","Gini coefficient (scale from 0 to 100)","44.9"
"2006","Kosovo (under United Nations Security Council Resolution 1244/99)","Gini coefficient (scale from 0 to 100)",":"
"2007","European Union (EU6-1958, EU9-1973, EU10-1981, EU12-1986, EU15-1995, EU25-2004, EU27-2007, EU28-2013, EU27-2020)","Gini coefficient (scale from 0 to 100)",":"
"2007","European Union - 27 countries (from 2020)","Gini coefficient (scale from 0 to 100)",":"
"2007","European Union - 28 countries (2013-2020)","Gini coefficient (scale from 0 to 100)",":"
"2007","European Union - 27 countries (2007-2013)","Gini coefficient (scale from 0 to 100)","30.6"
"2007","European Union - 25 countries (2004-2006)","Gini coefficient (scale from 0 to 100)",":"
"2007","European Union - 15 countries (1995-2004)","Gini coefficient (scale from 0 to 100)",":"
"2007","New Member States - 10 countries (2004-2006)","Gini coefficient (scale from 0 to 100)",":"
"2007","Euro area (EA11-1999, EA12-2001, EA13-2007, EA15-2008, EA16-2009, EA17-2011, EA18-2014, EA19-2015)","Gini coefficient (scale from 0 to 100)",":"
"2007","Euro area - 19 countries  (from 2015)","Gini coefficient (scale from 0 to 100)","30.0"
"2007","Euro area - 18 countries (2014)","Gini coefficient (scale from 0 to 100)","30.0"
"2007","Belgium","Gini coefficient (scale from 0 to 100)","26.3"
"2007","Bulgaria","Gini coefficient (scale from 0 to 100)","35.3"
"2007","Czechia","Gini coefficient (scale from 0 to 100)","25.3"
"2007","Denmark","Gini coefficient (scale from 0 to 100)","25.2"
"2007","Germany (until 1990 former territory of the FRG)","Gini coefficient (scale from 0 to 100)","30.4"
"2007","Estonia","Gini coefficient (scale from 0 to 100)","33.4"
"2007","Ireland","Gini coefficient (scale from 0 to 100)","31.3"
"2007","Greece","Gini coefficient (scale from 0 to 100)","34.3"
"2007","Spain","Gini coefficient (scale from 0 to 100)","31.9"
"2007","France","Gini coefficient (scale from 0 to 100)","26.6"
"2007","Croatia","Gini coefficient (scale from 0 to 100)",":"
"2007","Italy","Gini coefficient (scale from 0 to 100)","32.0"
"2007","Cyprus","Gini coefficient (scale from 0 to 100)","29.8"
"2007","Latvia","Gini coefficient (scale from 0 to 100)","35.4"
"2007","Lithuania","Gini coefficient (scale from 0 to 100)","33.8"
"2007","Luxembourg","Gini coefficient (scale from 0 to 100)","27.4"
"2007","Hungary","Gini coefficient (scale from 0 to 100)","25.6"
"2007","Malta","Gini coefficient (scale from 0 to 100)","26.3"
"2007","Netherlands","Gini coefficient (scale from 0 to 100)","27.6"
"2007","Austria","Gini coefficient (scale from 0 to 100)","26.2"
"2007","Poland","Gini coefficient (scale from 0 to 100)","32.2"
"2007","Portugal","Gini coefficient (scale from 0 to 100)","36.8"
"2007","Romania","Gini coefficient (scale from 0 to 100)","38.3"
"2007","Slovenia","Gini coefficient (scale from 0 to 100)","23.2"
"2007","Slovakia","Gini coefficient (scale from 0 to 100)","24.5"
"2007","Finland","Gini coefficient (scale from 0 to 100)","26.2"
"2007","Sweden","Gini coefficient (scale from 0 to 100)","23.4"
"2007","Iceland","Gini coefficient (scale from 0 to 100)","28.0"
"2007","Norway","Gini coefficient (scale from 0 to 100)","23.7"
"2007","Switzerland","Gini coefficient (scale from 0 to 100)","30.4"
"2007","United Kingdom","Gini coefficient (scale from 0 to 100)","32.6"
"2007","Montenegro","Gini coefficient (scale from 0 to 100)",":"
"2007","North Macedonia","Gini coefficient (scale from 0 to 100)",":"
"2007","Serbia","Gini coefficient (scale from 0 to 100)",":"
"2007","Turkey","Gini coefficient (scale from 0 to 100)","43.2"
"2007","Kosovo (under United Nations Security Council Resolution 1244/99)","Gini coefficient (scale from 0 to 100)",":"
"2008","European Union (EU6-1958, EU9-1973, EU10-1981, EU12-1986, EU15-1995, EU25-2004, EU27-2007, EU28-2013, EU27-2020)","Gini coefficient (scale from 0 to 100)","31.0"
"2008","European Union - 27 countries (from 2020)","Gini coefficient (scale from 0 to 100)",":"
"2008","European Union - 28 countries (2013-2020)","Gini coefficient (scale from 0 to 100)",":"
"2008","European Union - 27 countries (2007-2013)","Gini coefficient (scale from 0 to 100)","31.0"
"2008","European Union - 25 countries (2004-2006)","Gini coefficient (scale from 0 to 100)",":"
"2008","European Union - 15 countries (1995-2004)","Gini coefficient (scale from 0 to 100)",":"
"2008","New Member States - 10 countries (2004-2006)","Gini coefficient (scale from 0 to 100)",":"
"2008","Euro area (EA11-1999, EA12-2001, EA13-2007, EA15-2008, EA16-2009, EA17-2011, EA18-2014, EA19-2015)","Gini coefficient (scale from 0 to 100)","30.5"
"2008","Euro area - 19 countries  (from 2015)","Gini coefficient (scale from 0 to 100)","30.5"
"2008","Euro area - 18 countries (2014)","Gini coefficient (scale from 0 to 100)","30.5"
"2008","Belgium","Gini coefficient (scale from 0 to 100)","27.5"
"2008","Bulgaria","Gini coefficient (scale from 0 to 100)","35.9"
"2008","Czechia","Gini coefficient (scale from 0 to 100)","24.7"
"2008","Denmark","Gini coefficient (scale from 0 to 100)","25.1"
"2008","Germany (until 1990 former territory of the FRG)","Gini coefficient (scale from 0 to 100)","30.2"
"2008","Estonia","Gini coefficient (scale from 0 to 100)","30.9"
"2008","Ireland","Gini coefficient (scale from 0 to 100)","29.9"
"2008","Greece","Gini coefficient (scale from 0 to 100)","33.4"
"2008","Spain","Gini coefficient (scale from 0 to 100)","32.4"
"2008","France","Gini coefficient (scale from 0 to 100)","29.8"
"2008","Croatia","Gini coefficient (scale from 0 to 100)",":"
"2008","Italy","Gini coefficient (scale from 0 to 100)","31.2"
"2008","Cyprus","Gini coefficient (scale from 0 to 100)","29.0"
"2008","Latvia","Gini coefficient (scale from 0 to 100)","37.5"
"2008","Lithuania","Gini coefficient (scale from 0 to 100)","34.5"
"2008","Luxembourg","Gini coefficient (scale from 0 to 100)","27.7"
"2008","Hungary","Gini coefficient (scale from 0 to 100)","25.2"
"2008","Malta","Gini coefficient (scale from 0 to 100)","28.1"
"2008","Netherlands","Gini coefficient (scale from 0 to 100)","27.6"
"2008","Austria","Gini coefficient (scale from 0 to 100)","27.7"
"2008","Poland","Gini coefficient (scale from 0 to 100)","32.0"
"2008","Portugal","Gini coefficient (scale from 0 to 100)","35.8"
"2008","Romania","Gini coefficient (scale from 0 to 100)","35.9"
"2008","Slovenia","Gini coefficient (scale from 0 to 100)","23.4"
"2008","Slovakia","Gini coefficient (scale from 0 to 100)","23.7"
"2008","Finland","Gini coefficient (scale from 0 to 100)","26.3"
"2008","Sweden","Gini coefficient (scale from 0 to 100)","25.1"
"2008","Iceland","Gini coefficient (scale from 0 to 100)","27.3"
"2008","Norway","Gini coefficient (scale from 0 to 100)","25.1"
"2008","Switzerland","Gini coefficient (scale from 0 to 100)","31.1"
"2008","United Kingdom","Gini coefficient (scale from 0 to 100)","33.9"
"2008","Montenegro","Gini coefficient (scale from 0 to 100)",":"
"2008","North Macedonia","Gini coefficient (scale from 0 to 100)",":"
"2008","Serbia","Gini coefficient (scale from 0 to 100)",":"
"2008","Turkey","Gini coefficient (scale from 0 to 100)","43.0"
"2008","Kosovo (under United Nations Security Council Resolution 1244/99)","Gini coefficient (scale from 0 to 100)",":"
"2009","European Union (EU6-1958, EU9-1973, EU10-1981, EU12-1986, EU15-1995, EU25-2004, EU27-2007, EU28-2013, EU27-2020)","Gini coefficient (scale from 0 to 100)","30.6"
"2009","European Union - 27 countries (from 2020)","Gini coefficient (scale from 0 to 100)",":"
"2009","European Union - 28 countries (2013-2020)","Gini coefficient (scale from 0 to 100)",":"
"2009","European Union - 27 countries (2007-2013)","Gini coefficient (scale from 0 to 100)","30.6"
"2009","European Union - 25 countries (2004-2006)","Gini coefficient (scale from 0 to 100)",":"
"2009","European Union - 15 countries (1995-2004)","Gini coefficient (scale from 0 to 100)",":"
"2009","New Member States - 10 countries (2004-2006)","Gini coefficient (scale from 0 to 100)",":"
"2009","Euro area (EA11-1999, EA12-2001, EA13-2007, EA15-2008, EA16-2009, EA17-2011, EA18-2014, EA19-2015)","Gini coefficient (scale from 0 to 100)","30.2"
"2009","Euro area - 19 countries  (from 2015)","Gini coefficient (scale from 0 to 100)","30.3"
"2009","Euro area - 18 countries (2014)","Gini coefficient (scale from 0 to 100)","30.3"
"2009","Belgium","Gini coefficient (scale from 0 to 100)","26.4"
"2009","Bulgaria","Gini coefficient (scale from 0 to 100)","33.4"
"2009","Czechia","Gini coefficient (scale from 0 to 100)","25.1"
"2009","Denmark","Gini coefficient (scale from 0 to 100)","26.9"
"2009","Germany (until 1990 former territory of the FRG)","Gini coefficient (scale from 0 to 100)","29.1"
"2009","Estonia","Gini coefficient (scale from 0 to 100)","31.4"
"2009","Ireland","Gini coefficient (scale from 0 to 100)","28.8"
"2009","Greece","Gini coefficient (scale from 0 to 100)","33.1"
"2009","Spain","Gini coefficient (scale from 0 to 100)","32.9"
"2009","France","Gini coefficient (scale from 0 to 100)","29.9"
"2009","Croatia","Gini coefficient (scale from 0 to 100)",":"
"2009","Italy","Gini coefficient (scale from 0 to 100)","31.8"
"2009","Cyprus","Gini coefficient (scale from 0 to 100)","29.5"
"2009","Latvia","Gini coefficient (scale from 0 to 100)","37.5"
"2009","Lithuania","Gini coefficient (scale from 0 to 100)","35.9"
"2009","Luxembourg","Gini coefficient (scale from 0 to 100)","29.2"
"2009","Hungary","Gini coefficient (scale from 0 to 100)","24.7"
"2009","Malta","Gini coefficient (scale from 0 to 100)","27.4"
"2009","Netherlands","Gini coefficient (scale from 0 to 100)","27.2"
"2009","Austria","Gini coefficient (scale from 0 to 100)","27.5"
"2009","Poland","Gini coefficient (scale from 0 to 100)","31.4"
"2009","Portugal","Gini coefficient (scale from 0 to 100)","35.4"
"2009","Romania","Gini coefficient (scale from 0 to 100)","34.5"
"2009","Slovenia","Gini coefficient (scale from 0 to 100)","22.7"
"2009","Slovakia","Gini coefficient (scale from 0 to 100)","24.8"
"2009","Finland","Gini coefficient (scale from 0 to 100)","25.9"
"2009","Sweden","Gini coefficient (scale from 0 to 100)","26.3"
"2009","Iceland","Gini coefficient (scale from 0 to 100)","29.6"
"2009","Norway","Gini coefficient (scale from 0 to 100)","24.1"
"2009","Switzerland","Gini coefficient (scale from 0 to 100)","30.7"
"2009","United Kingdom","Gini coefficient (scale from 0 to 100)","32.4"
"2009","Montenegro","Gini coefficient (scale from 0 to 100)",":"
"2009","North Macedonia","Gini coefficient (scale from 0 to 100)",":"
"2009","Serbia","Gini coefficient (scale from 0 to 100)",":"
"2009","Turkey","Gini coefficient (scale from 0 to 100)","44.2"
"2009","Kosovo (under United Nations Security Council Resolution 1244/99)","Gini coefficient (scale from 0 to 100)",":"
"2010","European Union (EU6-1958, EU9-1973, EU10-1981, EU12-1986, EU15-1995, EU25-2004, EU27-2007, EU28-2013, EU27-2020)","Gini coefficient (scale from 0 to 100)","30.5"
"2010","European Union - 27 countries (from 2020)","Gini coefficient (scale from 0 to 100)","30.2"
"2010","European Union - 28 countries (2013-2020)","Gini coefficient (scale from 0 to 100)","30.5"
"2010","European Union - 27 countries (2007-2013)","Gini coefficient (scale from 0 to 100)","30.5"
"2010","European Union - 25 countries (2004-2006)","Gini coefficient (scale from 0 to 100)",":"
"2010","European Union - 15 countries (1995-2004)","Gini coefficient (scale from 0 to 100)",":"
"2010","New Member States - 10 countries (2004-2006)","Gini coefficient (scale from 0 to 100)",":"
"2010","Euro area (EA11-1999, EA12-2001, EA13-2007, EA15-2008, EA16-2009, EA17-2011, EA18-2014, EA19-2015)","Gini coefficient (scale from 0 to 100)","30.2"
"2010","Euro area - 19 countries  (from 2015)","Gini coefficient (scale from 0 to 100)","30.3"
"2010","Euro area - 18 countries (2014)","Gini coefficient (scale from 0 to 100)","30.3"
"2010","Belgium","Gini coefficient (scale from 0 to 100)","26.6"
"2010","Bulgaria","Gini coefficient (scale from 0 to 100)","33.2"
"2010","Czechia","Gini coefficient (scale from 0 to 100)","24.9"
"2010","Denmark","Gini coefficient (scale from 0 to 100)","26.9"
"2010","Germany (until 1990 former territory of the FRG)","Gini coefficient (scale from 0 to 100)","29.3"
"2010","Estonia","Gini coefficient (scale from 0 to 100)","31.3"
"2010","Ireland","Gini coefficient (scale from 0 to 100)","30.7"
"2010","Greece","Gini coefficient (scale from 0 to 100)","32.9"
"2010","Spain","Gini coefficient (scale from 0 to 100)","33.5"
"2010","France","Gini coefficient (scale from 0 to 100)","29.8"
"2010","Croatia","Gini coefficient (scale from 0 to 100)","31.6"
"2010","Italy","Gini coefficient (scale from 0 to 100)","31.7"
"2010","Cyprus","Gini coefficient (scale from 0 to 100)","30.1"
"2010","Latvia","Gini coefficient (scale from 0 to 100)","35.9"
"2010","Lithuania","Gini coefficient (scale from 0 to 100)","37.0"
"2010","Luxembourg","Gini coefficient (scale from 0 to 100)","27.9"
"2010","Hungary","Gini coefficient (scale from 0 to 100)","24.1"
"2010","Malta","Gini coefficient (scale from 0 to 100)","28.6"
"2010","Netherlands","Gini coefficient (scale from 0 to 100)","25.5"
"2010","Austria","Gini coefficient (scale from 0 to 100)","28.3"
"2010","Poland","Gini coefficient (scale from 0 to 100)","31.1"
"2010","Portugal","Gini coefficient (scale from 0 to 100)","33.7"
"2010","Romania","Gini coefficient (scale from 0 to 100)","33.5"
"2010","Slovenia","Gini coefficient (scale from 0 to 100)","23.8"
"2010","Slovakia","Gini coefficient (scale from 0 to 100)","25.9"
"2010","Finland","Gini coefficient (scale from 0 to 100)","25.4"
"2010","Sweden","Gini coefficient (scale from 0 to 100)","25.5"
"2010","Iceland","Gini coefficient (scale from 0 to 100)","25.7"
"2010","Norway","Gini coefficient (scale from 0 to 100)","23.6"
"2010","Switzerland","Gini coefficient (scale from 0 to 100)","29.6"
"2010","United Kingdom","Gini coefficient (scale from 0 to 100)","32.9"
"2010","Montenegro","Gini coefficient (scale from 0 to 100)",":"
"2010","North Macedonia","Gini coefficient (scale from 0 to 100)",":"
"2010","Serbia","Gini coefficient (scale from 0 to 100)",":"
"2010","Turkey","Gini coefficient (scale from 0 to 100)","43.5"
"2010","Kosovo (under United Nations Security Council Resolution 1244/99)","Gini coefficient (scale from 0 to 100)",":"
"2011","European Union (EU6-1958, EU9-1973, EU10-1981, EU12-1986, EU15-1995, EU25-2004, EU27-2007, EU28-2013, EU27-2020)","Gini coefficient (scale from 0 to 100)","30.8"
"2011","European Union - 27 countries (from 2020)","Gini coefficient (scale from 0 to 100)","30.5"
"2011","European Union - 28 countries (2013-2020)","Gini coefficient (scale from 0 to 100)","30.8"
"2011","European Union - 27 countries (2007-2013)","Gini coefficient (scale from 0 to 100)","30.8"
"2011","European Union - 25 countries (2004-2006)","Gini coefficient (scale from 0 to 100)",":"
"2011","European Union - 15 countries (1995-2004)","Gini coefficient (scale from 0 to 100)",":"
"2011","New Member States - 10 countries (2004-2006)","Gini coefficient (scale from 0 to 100)",":"
"2011","Euro area (EA11-1999, EA12-2001, EA13-2007, EA15-2008, EA16-2009, EA17-2011, EA18-2014, EA19-2015)","Gini coefficient (scale from 0 to 100)","30.6"
"2011","Euro area - 19 countries  (from 2015)","Gini coefficient (scale from 0 to 100)","30.6"
"2011","Euro area - 18 countries (2014)","Gini coefficient (scale from 0 to 100)","30.6"
"2011","Belgium","Gini coefficient (scale from 0 to 100)","26.3"
"2011","Bulgaria","Gini coefficient (scale from 0 to 100)","35.0"
"2011","Czechia","Gini coefficient (scale from 0 to 100)","25.2"
"2011","Denmark","Gini coefficient (scale from 0 to 100)","26.6"
"2011","Germany (until 1990 former territory of the FRG)","Gini coefficient (scale from 0 to 100)","29.0"
"2011","Estonia","Gini coefficient (scale from 0 to 100)","31.9"
"2011","Ireland","Gini coefficient (scale from 0 to 100)","29.8"
"2011","Greece","Gini coefficient (scale from 0 to 100)","33.5"
"2011","Spain","Gini coefficient (scale from 0 to 100)","34.0"
"2011","France","Gini coefficient (scale from 0 to 100)","30.8"
"2011","Croatia","Gini coefficient (scale from 0 to 100)","31.2"
"2011","Italy","Gini coefficient (scale from 0 to 100)","32.5"
"2011","Cyprus","Gini coefficient (scale from 0 to 100)","29.2"
"2011","Latvia","Gini coefficient (scale from 0 to 100)","35.1"
"2011","Lithuania","Gini coefficient (scale from 0 to 100)","33.0"
"2011","Luxembourg","Gini coefficient (scale from 0 to 100)","27.2"
"2011","Hungary","Gini coefficient (scale from 0 to 100)","26.9"
"2011","Malta","Gini coefficient (scale from 0 to 100)","27.2"
"2011","Netherlands","Gini coefficient (scale from 0 to 100)","25.8"
"2011","Austria","Gini coefficient (scale from 0 to 100)","27.4"
"2011","Poland","Gini coefficient (scale from 0 to 100)","31.1"
"2011","Portugal","Gini coefficient (scale from 0 to 100)","34.2"
"2011","Romania","Gini coefficient (scale from 0 to 100)","33.5"
"2011","Slovenia","Gini coefficient (scale from 0 to 100)","23.8"
"2011","Slovakia","Gini coefficient (scale from 0 to 100)","25.7"
"2011","Finland","Gini coefficient (scale from 0 to 100)","25.8"
"2011","Sweden","Gini coefficient (scale from 0 to 100)","26.0"
"2011","Iceland","Gini coefficient (scale from 0 to 100)","23.6"
"2011","Norway","Gini coefficient (scale from 0 to 100)","22.9"
"2011","Switzerland","Gini coefficient (scale from 0 to 100)","29.7"
"2011","United Kingdom","Gini coefficient (scale from 0 to 100)","33.0"
"2011","Montenegro","Gini coefficient (scale from 0 to 100)",":"
"2011","North Macedonia","Gini coefficient (scale from 0 to 100)",":"
"2011","Serbia","Gini coefficient (scale from 0 to 100)",":"
"2011","Turkey","Gini coefficient (scale from 0 to 100)","43.3"
"2011","Kosovo (under United Nations Security Council Resolution 1244/99)","Gini coefficient (scale from 0 to 100)",":"
"2012","European Union (EU6-1958, EU9-1973, EU10-1981, EU12-1986, EU15-1995, EU25-2004, EU27-2007, EU28-2013, EU27-2020)","Gini coefficient (scale from 0 to 100)","30.5"
"2012","European Union - 27 countries (from 2020)","Gini coefficient (scale from 0 to 100)","30.4"
"2012","European Union - 28 countries (2013-2020)","Gini coefficient (scale from 0 to 100)","30.5"
"2012","European Union - 27 countries (2007-2013)","Gini coefficient (scale from 0 to 100)","30.5"
"2012","European Union - 25 countries (2004-2006)","Gini coefficient (scale from 0 to 100)",":"
"2012","European Union - 15 countries (1995-2004)","Gini coefficient (scale from 0 to 100)",":"
"2012","New Member States - 10 countries (2004-2006)","Gini coefficient (scale from 0 to 100)",":"
"2012","Euro area (EA11-1999, EA12-2001, EA13-2007, EA15-2008, EA16-2009, EA17-2011, EA18-2014, EA19-2015)","Gini coefficient (scale from 0 to 100)","30.4"
"2012","Euro area - 19 countries  (from 2015)","Gini coefficient (scale from 0 to 100)","30.5"
"2012","Euro area - 18 countries (2014)","Gini coefficient (scale from 0 to 100)","30.4"
"2012","Belgium","Gini coefficient (scale from 0 to 100)","26.5"
"2012","Bulgaria","Gini coefficient (scale from 0 to 100)","33.6"
"2012","Czechia","Gini coefficient (scale from 0 to 100)","24.9"
"2012","Denmark","Gini coefficient (scale from 0 to 100)","26.5"
"2012","Germany (until 1990 former territory of the FRG)","Gini coefficient (scale from 0 to 100)","28.3"
"2012","Estonia","Gini coefficient (scale from 0 to 100)","32.5"
"2012","Ireland","Gini coefficient (scale from 0 to 100)","30.4"
"2012","Greece","Gini coefficient (scale from 0 to 100)","34.3"
"2012","Spain","Gini coefficient (scale from 0 to 100)","34.2"
"2012","France","Gini coefficient (scale from 0 to 100)","30.5"
"2012","Croatia","Gini coefficient (scale from 0 to 100)","30.9"
"2012","Italy","Gini coefficient (scale from 0 to 100)","32.4"
"2012","Cyprus","Gini coefficient (scale from 0 to 100)","31.0"
"2012","Latvia","Gini coefficient (scale from 0 to 100)","35.7"
"2012","Lithuania","Gini coefficient (scale from 0 to 100)","32.0"
"2012","Luxembourg","Gini coefficient (scale from 0 to 100)","28.0"
"2012","Hungary","Gini coefficient (scale from 0 to 100)","27.2"
"2012","Malta","Gini coefficient (scale from 0 to 100)","27.1"
"2012","Netherlands","Gini coefficient (scale from 0 to 100)","25.4"
"2012","Austria","Gini coefficient (scale from 0 to 100)","27.6"
"2012","Poland","Gini coefficient (scale from 0 to 100)","30.9"
"2012","Portugal","Gini coefficient (scale from 0 to 100)","34.5"
"2012","Romania","Gini coefficient (scale from 0 to 100)","34.0"
"2012","Slovenia","Gini coefficient (scale from 0 to 100)","23.7"
"2012","Slovakia","Gini coefficient (scale from 0 to 100)","25.3"
"2012","Finland","Gini coefficient (scale from 0 to 100)","25.9"
"2012","Sweden","Gini coefficient (scale from 0 to 100)","26.0"
"2012","Iceland","Gini coefficient (scale from 0 to 100)","24.0"
"2012","Norway","Gini coefficient (scale from 0 to 100)","22.5"
"2012","Switzerland","Gini coefficient (scale from 0 to 100)","28.8"
"2012","United Kingdom","Gini coefficient (scale from 0 to 100)","31.3"
"2012","Montenegro","Gini coefficient (scale from 0 to 100)",":"
"2012","North Macedonia","Gini coefficient (scale from 0 to 100)","38.8"
"2012","Serbia","Gini coefficient (scale from 0 to 100)",":"
"2012","Turkey","Gini coefficient (scale from 0 to 100)","42.8"
"2012","Kosovo (under United Nations Security Council Resolution 1244/99)","Gini coefficient (scale from 0 to 100)",":"
"2013","European Union (EU6-1958, EU9-1973, EU10-1981, EU12-1986, EU15-1995, EU25-2004, EU27-2007, EU28-2013, EU27-2020)","Gini coefficient (scale from 0 to 100)","30.5"
"2013","European Union - 27 countries (from 2020)","Gini coefficient (scale from 0 to 100)","30.6"
"2013","European Union - 28 countries (2013-2020)","Gini coefficient (scale from 0 to 100)","30.5"
"2013","European Union - 27 countries (2007-2013)","Gini coefficient (scale from 0 to 100)","30.5"
"2013","European Union - 25 countries (2004-2006)","Gini coefficient (scale from 0 to 100)",":"
"2013","European Union - 15 countries (1995-2004)","Gini coefficient (scale from 0 to 100)",":"
"2013","New Member States - 10 countries (2004-2006)","Gini coefficient (scale from 0 to 100)",":"
"2013","Euro area (EA11-1999, EA12-2001, EA13-2007, EA15-2008, EA16-2009, EA17-2011, EA18-2014, EA19-2015)","Gini coefficient (scale from 0 to 100)","30.6"
"2013","Euro area - 19 countries  (from 2015)","Gini coefficient (scale from 0 to 100)","30.7"
"2013","Euro area - 18 countries (2014)","Gini coefficient (scale from 0 to 100)","30.7"
"2013","Belgium","Gini coefficient (scale from 0 to 100)","25.9"
"2013","Bulgaria","Gini coefficient (scale from 0 to 100)","35.4"
"2013","Czechia","Gini coefficient (scale from 0 to 100)","24.6"
"2013","Denmark","Gini coefficient (scale from 0 to 100)","26.8"
"2013","Germany (until 1990 former territory of the FRG)","Gini coefficient (scale from 0 to 100)","29.7"
"2013","Estonia","Gini coefficient (scale from 0 to 100)","32.9"
"2013","Ireland","Gini coefficient (scale from 0 to 100)","30.7"
"2013","Greece","Gini coefficient (scale from 0 to 100)","34.4"
"2013","Spain","Gini coefficient (scale from 0 to 100)","33.7"
"2013","France","Gini coefficient (scale from 0 to 100)","30.1"
"2013","Croatia","Gini coefficient (scale from 0 to 100)","30.9"
"2013","Italy","Gini coefficient (scale from 0 to 100)","32.8"
"2013","Cyprus","Gini coefficient (scale from 0 to 100)","32.4"
"2013","Latvia","Gini coefficient (scale from 0 to 100)","35.2"
"2013","Lithuania","Gini coefficient (scale from 0 to 100)","34.6"
"2013","Luxembourg","Gini coefficient (scale from 0 to 100)","30.4"
"2013","Hungary","Gini coefficient (scale from 0 to 100)","28.3"
"2013","Malta","Gini coefficient (scale from 0 to 100)","28.0"
"2013","Netherlands","Gini coefficient (scale from 0 to 100)","25.1"
"2013","Austria","Gini coefficient (scale from 0 to 100)","27.0"
"2013","Poland","Gini coefficient (scale from 0 to 100)","30.7"
"2013","Portugal","Gini coefficient (scale from 0 to 100)","34.2"
"2013","Romania","Gini coefficient (scale from 0 to 100)","34.6"
"2013","Slovenia","Gini coefficient (scale from 0 to 100)","24.4"
"2013","Slovakia","Gini coefficient (scale from 0 to 100)","24.2"
"2013","Finland","Gini coefficient (scale from 0 to 100)","25.4"
"2013","Sweden","Gini coefficient (scale from 0 to 100)","26.0"
"2013","Iceland","Gini coefficient (scale from 0 to 100)","24.0"
"2013","Norway","Gini coefficient (scale from 0 to 100)","22.7"
"2013","Switzerland","Gini coefficient (scale from 0 to 100)","28.5"
"2013","United Kingdom","Gini coefficient (scale from 0 to 100)","30.2"
"2013","Montenegro","Gini coefficient (scale from 0 to 100)","38.5"
"2013","North Macedonia","Gini coefficient (scale from 0 to 100)","37.0"
"2013","Serbia","Gini coefficient (scale from 0 to 100)","38.0"
"2013","Turkey","Gini coefficient (scale from 0 to 100)","42.1"
"2013","Kosovo (under United Nations Security Council Resolution 1244/99)","Gini coefficient (scale from 0 to 100)",":"
"2014","European Union (EU6-1958, EU9-1973, EU10-1981, EU12-1986, EU15-1995, EU25-2004, EU27-2007, EU28-2013, EU27-2020)","Gini coefficient (scale from 0 to 100)","31.0"
"2014","European Union - 27 countries (from 2020)","Gini coefficient (scale from 0 to 100)","30.9"
"2014","European Union - 28 countries (2013-2020)","Gini coefficient (scale from 0 to 100)","31.0"
"2014","European Union - 27 countries (2007-2013)","Gini coefficient (scale from 0 to 100)","31.0"
"2014","European Union - 25 countries (2004-2006)","Gini coefficient (scale from 0 to 100)",":"
"2014","European Union - 15 countries (1995-2004)","Gini coefficient (scale from 0 to 100)",":"
"2014","New Member States - 10 countries (2004-2006)","Gini coefficient (scale from 0 to 100)",":"
"2014","Euro area (EA11-1999, EA12-2001, EA13-2007, EA15-2008, EA16-2009, EA17-2011, EA18-2014, EA19-2015)","Gini coefficient (scale from 0 to 100)","30.9"
"2014","Euro area - 19 countries  (from 2015)","Gini coefficient (scale from 0 to 100)","31.0"
"2014","Euro area - 18 countries (2014)","Gini coefficient (scale from 0 to 100)","30.9"
"2014","Belgium","Gini coefficient (scale from 0 to 100)","25.9"
"2014","Bulgaria","Gini coefficient (scale from 0 to 100)","35.4"
"2014","Czechia","Gini coefficient (scale from 0 to 100)","25.1"
"2014","Denmark","Gini coefficient (scale from 0 to 100)","27.7"
"2014","Germany (until 1990 former territory of the FRG)","Gini coefficient (scale from 0 to 100)","30.7"
"2014","Estonia","Gini coefficient (scale from 0 to 100)","35.6"
"2014","Ireland","Gini coefficient (scale from 0 to 100)","31.1"
"2014","Greece","Gini coefficient (scale from 0 to 100)","34.5"
"2014","Spain","Gini coefficient (scale from 0 to 100)","34.7"
"2014","France","Gini coefficient (scale from 0 to 100)","29.2"
"2014","Croatia","Gini coefficient (scale from 0 to 100)","30.2"
"2014","Italy","Gini coefficient (scale from 0 to 100)","32.4"
"2014","Cyprus","Gini coefficient (scale from 0 to 100)","34.8"
"2014","Latvia","Gini coefficient (scale from 0 to 100)","35.5"
"2014","Lithuania","Gini coefficient (scale from 0 to 100)","35.0"
"2014","Luxembourg","Gini coefficient (scale from 0 to 100)","28.7"
"2014","Hungary","Gini coefficient (scale from 0 to 100)","28.6"
"2014","Malta","Gini coefficient (scale from 0 to 100)","27.7"
"2014","Netherlands","Gini coefficient (scale from 0 to 100)","26.2"
"2014","Austria","Gini coefficient (scale from 0 to 100)","27.6"
"2014","Poland","Gini coefficient (scale from 0 to 100)","30.8"
"2014","Portugal","Gini coefficient (scale from 0 to 100)","34.5"
"2014","Romania","Gini coefficient (scale from 0 to 100)","35.0"
"2014","Slovenia","Gini coefficient (scale from 0 to 100)","25.0"
"2014","Slovakia","Gini coefficient (scale from 0 to 100)","26.1"
"2014","Finland","Gini coefficient (scale from 0 to 100)","25.6"
"2014","Sweden","Gini coefficient (scale from 0 to 100)","26.9"
"2014","Iceland","Gini coefficient (scale from 0 to 100)","22.7"
"2014","Norway","Gini coefficient (scale from 0 to 100)","23.5"
"2014","Switzerland","Gini coefficient (scale from 0 to 100)","29.5"
"2014","United Kingdom","Gini coefficient (scale from 0 to 100)","31.6"
"2014","Montenegro","Gini coefficient (scale from 0 to 100)","36.5"
"2014","North Macedonia","Gini coefficient (scale from 0 to 100)","35.2"
"2014","Serbia","Gini coefficient (scale from 0 to 100)","38.3"
"2014","Turkey","Gini coefficient (scale from 0 to 100)","41.2"
"2014","Kosovo (under United Nations Security Council Resolution 1244/99)","Gini coefficient (scale from 0 to 100)",":"
"2015","European Union (EU6-1958, EU9-1973, EU10-1981, EU12-1986, EU15-1995, EU25-2004, EU27-2007, EU28-2013, EU27-2020)","Gini coefficient (scale from 0 to 100)","31.0"
"2015","European Union - 27 countries (from 2020)","Gini coefficient (scale from 0 to 100)","30.8"
"2015","European Union - 28 countries (2013-2020)","Gini coefficient (scale from 0 to 100)","31.0"
"2015","European Union - 27 countries (2007-2013)","Gini coefficient (scale from 0 to 100)","31.0"
"2015","European Union - 25 countries (2004-2006)","Gini coefficient (scale from 0 to 100)",":"
"2015","European Union - 15 countries (1995-2004)","Gini coefficient (scale from 0 to 100)",":"
"2015","New Member States - 10 countries (2004-2006)","Gini coefficient (scale from 0 to 100)",":"
"2015","Euro area (EA11-1999, EA12-2001, EA13-2007, EA15-2008, EA16-2009, EA17-2011, EA18-2014, EA19-2015)","Gini coefficient (scale from 0 to 100)","30.7"
"2015","Euro area - 19 countries  (from 2015)","Gini coefficient (scale from 0 to 100)","30.7"
"2015","Euro area - 18 countries (2014)","Gini coefficient (scale from 0 to 100)","30.7"
"2015","Belgium","Gini coefficient (scale from 0 to 100)","26.2"
"2015","Bulgaria","Gini coefficient (scale from 0 to 100)","37.0"
"2015","Czechia","Gini coefficient (scale from 0 to 100)","25.0"
"2015","Denmark","Gini coefficient (scale from 0 to 100)","27.4"
"2015","Germany (until 1990 former territory of the FRG)","Gini coefficient (scale from 0 to 100)","30.1"
"2015","Estonia","Gini coefficient (scale from 0 to 100)","34.8"
"2015","Ireland","Gini coefficient (scale from 0 to 100)","29.7"
"2015","Greece","Gini coefficient (scale from 0 to 100)","34.2"
"2015","Spain","Gini coefficient (scale from 0 to 100)","34.6"
"2015","France","Gini coefficient (scale from 0 to 100)","29.2"
"2015","Croatia","Gini coefficient (scale from 0 to 100)","30.4"
"2015","Italy","Gini coefficient (scale from 0 to 100)","32.4"
"2015","Cyprus","Gini coefficient (scale from 0 to 100)","33.6"
"2015","Latvia","Gini coefficient (scale from 0 to 100)","35.4"
"2015","Lithuania","Gini coefficient (scale from 0 to 100)","37.9"
"2015","Luxembourg","Gini coefficient (scale from 0 to 100)","28.5"
"2015","Hungary","Gini coefficient (scale from 0 to 100)","28.2"
"2015","Malta","Gini coefficient (scale from 0 to 100)","28.1"
"2015","Netherlands","Gini coefficient (scale from 0 to 100)","26.7"
"2015","Austria","Gini coefficient (scale from 0 to 100)","27.2"
"2015","Poland","Gini coefficient (scale from 0 to 100)","30.6"
"2015","Portugal","Gini coefficient (scale from 0 to 100)","34.0"
"2015","Romania","Gini coefficient (scale from 0 to 100)","37.4"
"2015","Slovenia","Gini coefficient (scale from 0 to 100)","24.5"
"2015","Slovakia","Gini coefficient (scale from 0 to 100)","23.7"
"2015","Finland","Gini coefficient (scale from 0 to 100)","25.2"
"2015","Sweden","Gini coefficient (scale from 0 to 100)","26.7"
"2015","Iceland","Gini coefficient (scale from 0 to 100)","24.7"
"2015","Norway","Gini coefficient (scale from 0 to 100)","23.9"
"2015","Switzerland","Gini coefficient (scale from 0 to 100)","29.6"
"2015","United Kingdom","Gini coefficient (scale from 0 to 100)","32.4"
"2015","Montenegro","Gini coefficient (scale from 0 to 100)","36.5"
"2015","North Macedonia","Gini coefficient (scale from 0 to 100)","33.7"
"2015","Serbia","Gini coefficient (scale from 0 to 100)","40.0"
"2015","Turkey","Gini coefficient (scale from 0 to 100)","41.9"
"2015","Kosovo (under United Nations Security Council Resolution 1244/99)","Gini coefficient (scale from 0 to 100)",":"
"2016","European Union (EU6-1958, EU9-1973, EU10-1981, EU12-1986, EU15-1995, EU25-2004, EU27-2007, EU28-2013, EU27-2020)","Gini coefficient (scale from 0 to 100)","30.8"
"2016","European Union - 27 countries (from 2020)","Gini coefficient (scale from 0 to 100)","30.6"
"2016","European Union - 28 countries (2013-2020)","Gini coefficient (scale from 0 to 100)","30.8"
"2016","European Union - 27 countries (2007-2013)","Gini coefficient (scale from 0 to 100)","30.8"
"2016","European Union - 25 countries (2004-2006)","Gini coefficient (scale from 0 to 100)",":"
"2016","European Union - 15 countries (1995-2004)","Gini coefficient (scale from 0 to 100)",":"
"2016","New Member States - 10 countries (2004-2006)","Gini coefficient (scale from 0 to 100)",":"
"2016","Euro area (EA11-1999, EA12-2001, EA13-2007, EA15-2008, EA16-2009, EA17-2011, EA18-2014, EA19-2015)","Gini coefficient (scale from 0 to 100)","30.7"
"2016","Euro area - 19 countries  (from 2015)","Gini coefficient (scale from 0 to 100)","30.7"
"2016","Euro area - 18 countries (2014)","Gini coefficient (scale from 0 to 100)","30.7"
"2016","Belgium","Gini coefficient (scale from 0 to 100)","26.3"
"2016","Bulgaria","Gini coefficient (scale from 0 to 100)","37.7"
"2016","Czechia","Gini coefficient (scale from 0 to 100)","25.1"
"2016","Denmark","Gini coefficient (scale from 0 to 100)","27.7"
"2016","Germany (until 1990 former territory of the FRG)","Gini coefficient (scale from 0 to 100)","29.5"
"2016","Estonia","Gini coefficient (scale from 0 to 100)","32.7"
"2016","Ireland","Gini coefficient (scale from 0 to 100)","29.6"
"2016","Greece","Gini coefficient (scale from 0 to 100)","34.3"
"2016","Spain","Gini coefficient (scale from 0 to 100)","34.5"
"2016","France","Gini coefficient (scale from 0 to 100)","29.3"
"2016","Croatia","Gini coefficient (scale from 0 to 100)","29.8"
"2016","Italy","Gini coefficient (scale from 0 to 100)","33.1"
"2016","Cyprus","Gini coefficient (scale from 0 to 100)","32.1"
"2016","Latvia","Gini coefficient (scale from 0 to 100)","34.5"
"2016","Lithuania","Gini coefficient (scale from 0 to 100)","37.0"
"2016","Luxembourg","Gini coefficient (scale from 0 to 100)","29.6"
"2016","Hungary","Gini coefficient (scale from 0 to 100)","28.2"
"2016","Malta","Gini coefficient (scale from 0 to 100)","28.6"
"2016","Netherlands","Gini coefficient (scale from 0 to 100)","26.9"
"2016","Austria","Gini coefficient (scale from 0 to 100)","27.2"
"2016","Poland","Gini coefficient (scale from 0 to 100)","29.8"
"2016","Portugal","Gini coefficient (scale from 0 to 100)","33.9"
"2016","Romania","Gini coefficient (scale from 0 to 100)","34.7"
"2016","Slovenia","Gini coefficient (scale from 0 to 100)","24.4"
"2016","Slovakia","Gini coefficient (scale from 0 to 100)","24.3"
"2016","Finland","Gini coefficient (scale from 0 to 100)","25.4"
"2016","Sweden","Gini coefficient (scale from 0 to 100)","27.6"
"2016","Iceland","Gini coefficient (scale from 0 to 100)","24.1"
"2016","Norway","Gini coefficient (scale from 0 to 100)","25.0"
"2016","Switzerland","Gini coefficient (scale from 0 to 100)","29.4"
"2016","United Kingdom","Gini coefficient (scale from 0 to 100)","31.5"
"2016","Montenegro","Gini coefficient (scale from 0 to 100)","36.5"
"2016","North Macedonia","Gini coefficient (scale from 0 to 100)","33.6"
"2016","Serbia","Gini coefficient (scale from 0 to 100)","39.8"
"2016","Turkey","Gini coefficient (scale from 0 to 100)","42.6"
"2016","Kosovo (under United Nations Security Council Resolution 1244/99)","Gini coefficient (scale from 0 to 100)",":"
"2017","European Union (EU6-1958, EU9-1973, EU10-1981, EU12-1986, EU15-1995, EU25-2004, EU27-2007, EU28-2013, EU27-2020)","Gini coefficient (scale from 0 to 100)","30.6"
"2017","European Union - 27 countries (from 2020)","Gini coefficient (scale from 0 to 100)","30.3"
"2017","European Union - 28 countries (2013-2020)","Gini coefficient (scale from 0 to 100)","30.6"
"2017","European Union - 27 countries (2007-2013)","Gini coefficient (scale from 0 to 100)","30.6"
"2017","European Union - 25 countries (2004-2006)","Gini coefficient (scale from 0 to 100)",":"
"2017","European Union - 15 countries (1995-2004)","Gini coefficient (scale from 0 to 100)",":"
"2017","New Member States - 10 countries (2004-2006)","Gini coefficient (scale from 0 to 100)",":"
"2017","Euro area (EA11-1999, EA12-2001, EA13-2007, EA15-2008, EA16-2009, EA17-2011, EA18-2014, EA19-2015)","Gini coefficient (scale from 0 to 100)","30.4"
"2017","Euro area - 19 countries  (from 2015)","Gini coefficient (scale from 0 to 100)","30.4"
"2017","Euro area - 18 countries (2014)","Gini coefficient (scale from 0 to 100)","30.3"
"2017","Belgium","Gini coefficient (scale from 0 to 100)","26.1"
"2017","Bulgaria","Gini coefficient (scale from 0 to 100)","40.2"
"2017","Czechia","Gini coefficient (scale from 0 to 100)","24.5"
"2017","Denmark","Gini coefficient (scale from 0 to 100)","27.6"
"2017","Germany (until 1990 former territory of the FRG)","Gini coefficient (scale from 0 to 100)","29.1"
"2017","Estonia","Gini coefficient (scale from 0 to 100)","31.6"
"2017","Ireland","Gini coefficient (scale from 0 to 100)","30.6"
"2017","Greece","Gini coefficient (scale from 0 to 100)","33.4"
"2017","Spain","Gini coefficient (scale from 0 to 100)","34.1"
"2017","France","Gini coefficient (scale from 0 to 100)","28.8"
"2017","Croatia","Gini coefficient (scale from 0 to 100)","29.9"
"2017","Italy","Gini coefficient (scale from 0 to 100)","32.7"
"2017","Cyprus","Gini coefficient (scale from 0 to 100)","30.8"
"2017","Latvia","Gini coefficient (scale from 0 to 100)","34.5"
"2017","Lithuania","Gini coefficient (scale from 0 to 100)","37.6"
"2017","Luxembourg","Gini coefficient (scale from 0 to 100)","29.2"
"2017","Hungary","Gini coefficient (scale from 0 to 100)","28.1"
"2017","Malta","Gini coefficient (scale from 0 to 100)","28.2"
"2017","Netherlands","Gini coefficient (scale from 0 to 100)","27.1"
"2017","Austria","Gini coefficient (scale from 0 to 100)","27.9"
"2017","Poland","Gini coefficient (scale from 0 to 100)","29.2"
"2017","Portugal","Gini coefficient (scale from 0 to 100)","33.5"
"2017","Romania","Gini coefficient (scale from 0 to 100)","33.1"
"2017","Slovenia","Gini coefficient (scale from 0 to 100)","23.7"
"2017","Slovakia","Gini coefficient (scale from 0 to 100)","23.2"
"2017","Finland","Gini coefficient (scale from 0 to 100)","25.3"
"2017","Sweden","Gini coefficient (scale from 0 to 100)","28.0"
"2017","Iceland","Gini coefficient (scale from 0 to 100)","25.2"
"2017","Norway","Gini coefficient (scale from 0 to 100)","26.1"
"2017","Switzerland","Gini coefficient (scale from 0 to 100)","30.1"
"2017","United Kingdom","Gini coefficient (scale from 0 to 100)","33.1"
"2017","Montenegro","Gini coefficient (scale from 0 to 100)","36.7"
"2017","North Macedonia","Gini coefficient (scale from 0 to 100)","32.4"
"2017","Serbia","Gini coefficient (scale from 0 to 100)","37.8"
"2017","Turkey","Gini coefficient (scale from 0 to 100)","43.0"
"2017","Kosovo (under United Nations Security Council Resolution 1244/99)","Gini coefficient (scale from 0 to 100)",":"
"2018","European Union (EU6-1958, EU9-1973, EU10-1981, EU12-1986, EU15-1995, EU25-2004, EU27-2007, EU28-2013, EU27-2020)","Gini coefficient (scale from 0 to 100)","30.8"
"2018","European Union - 27 countries (from 2020)","Gini coefficient (scale from 0 to 100)","30.4"
"2018","European Union - 28 countries (2013-2020)","Gini coefficient (scale from 0 to 100)","30.8"
"2018","European Union - 27 countries (2007-2013)","Gini coefficient (scale from 0 to 100)","30.8"
"2018","European Union - 25 countries (2004-2006)","Gini coefficient (scale from 0 to 100)",":"
"2018","European Union - 15 countries (1995-2004)","Gini coefficient (scale from 0 to 100)",":"
"2018","New Member States - 10 countries (2004-2006)","Gini coefficient (scale from 0 to 100)",":"
"2018","Euro area (EA11-1999, EA12-2001, EA13-2007, EA15-2008, EA16-2009, EA17-2011, EA18-2014, EA19-2015)","Gini coefficient (scale from 0 to 100)","30.6"
"2018","Euro area - 19 countries  (from 2015)","Gini coefficient (scale from 0 to 100)","30.6"
"2018","Euro area - 18 countries (2014)","Gini coefficient (scale from 0 to 100)","30.6"
"2018","Belgium","Gini coefficient (scale from 0 to 100)","25.7"
"2018","Bulgaria","Gini coefficient (scale from 0 to 100)","39.6"
"2018","Czechia","Gini coefficient (scale from 0 to 100)","24.0"
"2018","Denmark","Gini coefficient (scale from 0 to 100)","27.8"
"2018","Germany (until 1990 former territory of the FRG)","Gini coefficient (scale from 0 to 100)","31.1"
"2018","Estonia","Gini coefficient (scale from 0 to 100)","30.6"
"2018","Ireland","Gini coefficient (scale from 0 to 100)","28.9"
"2018","Greece","Gini coefficient (scale from 0 to 100)","32.3"
"2018","Spain","Gini coefficient (scale from 0 to 100)","33.2"
"2018","France","Gini coefficient (scale from 0 to 100)","28.5"
"2018","Croatia","Gini coefficient (scale from 0 to 100)","29.7"
"2018","Italy","Gini coefficient (scale from 0 to 100)","33.4"
"2018","Cyprus","Gini coefficient (scale from 0 to 100)","29.1"
"2018","Latvia","Gini coefficient (scale from 0 to 100)","35.6"
"2018","Lithuania","Gini coefficient (scale from 0 to 100)","36.9"
"2018","Luxembourg","Gini coefficient (scale from 0 to 100)","31.3"
"2018","Hungary","Gini coefficient (scale from 0 to 100)","28.7"
"2018","Malta","Gini coefficient (scale from 0 to 100)","28.7"
"2018","Netherlands","Gini coefficient (scale from 0 to 100)","27.4"
"2018","Austria","Gini coefficient (scale from 0 to 100)","26.8"
"2018","Poland","Gini coefficient (scale from 0 to 100)","27.8"
"2018","Portugal","Gini coefficient (scale from 0 to 100)","32.1"
"2018","Romania","Gini coefficient (scale from 0 to 100)","35.1"
"2018","Slovenia","Gini coefficient (scale from 0 to 100)","23.4"
"2018","Slovakia","Gini coefficient (scale from 0 to 100)","20.9"
"2018","Finland","Gini coefficient (scale from 0 to 100)","25.9"
"2018","Sweden","Gini coefficient (scale from 0 to 100)","27.0"
"2018","Iceland","Gini coefficient (scale from 0 to 100)","23.2"
"2018","Norway","Gini coefficient (scale from 0 to 100)","24.8"
"2018","Switzerland","Gini coefficient (scale from 0 to 100)","29.7"
"2018","United Kingdom","Gini coefficient (scale from 0 to 100)","33.5"
"2018","Montenegro","Gini coefficient (scale from 0 to 100)","34.7"
"2018","North Macedonia","Gini coefficient (scale from 0 to 100)","31.9"
"2018","Serbia","Gini coefficient (scale from 0 to 100)","35.6"
"2018","Turkey","Gini coefficient (scale from 0 to 100)","43.0"
"2018","Kosovo (under United Nations Security Council Resolution 1244/99)","Gini coefficient (scale from 0 to 100)","44.2"
"2019","European Union (EU6-1958, EU9-1973, EU10-1981, EU12-1986, EU15-1995, EU25-2004, EU27-2007, EU28-2013, EU27-2020)","Gini coefficient (scale from 0 to 100)","30.7"
"2019","European Union - 27 countries (from 2020)","Gini coefficient (scale from 0 to 100)","30.2"
"2019","European Union - 28 countries (2013-2020)","Gini coefficient (scale from 0 to 100)","30.7"
"2019","European Union - 27 countries (2007-2013)","Gini coefficient (scale from 0 to 100)",":"
"2019","European Union - 25 countries (2004-2006)","Gini coefficient (scale from 0 to 100)",":"
"2019","European Union - 15 countries (1995-2004)","Gini coefficient (scale from 0 to 100)",":"
"2019","New Member States - 10 countries (2004-2006)","Gini coefficient (scale from 0 to 100)",":"
"2019","Euro area (EA11-1999, EA12-2001, EA13-2007, EA15-2008, EA16-2009, EA17-2011, EA18-2014, EA19-2015)","Gini coefficient (scale from 0 to 100)","30.2"
"2019","Euro area - 19 countries  (from 2015)","Gini coefficient (scale from 0 to 100)","30.2"
"2019","Euro area - 18 countries (2014)","Gini coefficient (scale from 0 to 100)","30.2"
"2019","Belgium","Gini coefficient (scale from 0 to 100)","25.1"
"2019","Bulgaria","Gini coefficient (scale from 0 to 100)","40.8"
"2019","Czechia","Gini coefficient (scale from 0 to 100)","24.0"
"2019","Denmark","Gini coefficient (scale from 0 to 100)","27.5"
"2019","Germany (until 1990 former territory of the FRG)","Gini coefficient (scale from 0 to 100)","29.7"
"2019","Estonia","Gini coefficient (scale from 0 to 100)","30.5"
"2019","Ireland","Gini coefficient (scale from 0 to 100)","28.3"
"2019","Greece","Gini coefficient (scale from 0 to 100)","31.0"
"2019","Spain","Gini coefficient (scale from 0 to 100)","33.0"
"2019","France","Gini coefficient (scale from 0 to 100)","29.2"
"2019","Croatia","Gini coefficient (scale from 0 to 100)","29.2"
"2019","Italy","Gini coefficient (scale from 0 to 100)","32.8"
"2019","Cyprus","Gini coefficient (scale from 0 to 100)","31.1"
"2019","Latvia","Gini coefficient (scale from 0 to 100)","35.2"
"2019","Lithuania","Gini coefficient (scale from 0 to 100)","35.4"
"2019","Luxembourg","Gini coefficient (scale from 0 to 100)","32.3"
"2019","Hungary","Gini coefficient (scale from 0 to 100)","28.0"
"2019","Malta","Gini coefficient (scale from 0 to 100)","28.0"
"2019","Netherlands","Gini coefficient (scale from 0 to 100)","26.8"
"2019","Austria","Gini coefficient (scale from 0 to 100)","27.5"
"2019","Poland","Gini coefficient (scale from 0 to 100)","28.5"
"2019","Portugal","Gini coefficient (scale from 0 to 100)","31.9"
"2019","Romania","Gini coefficient (scale from 0 to 100)","34.8"
"2019","Slovenia","Gini coefficient (scale from 0 to 100)","23.9"
"2019","Slovakia","Gini coefficient (scale from 0 to 100)","22.8"
"2019","Finland","Gini coefficient (scale from 0 to 100)","26.2"
"2019","Sweden","Gini coefficient (scale from 0 to 100)","27.6"
"2019","Iceland","Gini coefficient (scale from 0 to 100)",":"
"2019","Norway","Gini coefficient (scale from 0 to 100)","25.4"
"2019","Switzerland","Gini coefficient (scale from 0 to 100)","30.6"
"2019","United Kingdom","Gini coefficient (scale from 0 to 100)",":"
"2019","Montenegro","Gini coefficient (scale from 0 to 100)","34.1"
"2019","North Macedonia","Gini coefficient (scale from 0 to 100)","30.7"
"2019","Serbia","Gini coefficient (scale from 0 to 100)","33.3"
"2019","Turkey","Gini coefficient (scale from 0 to 100)","41.7"
"2019","Kosovo (under United Nations Security Council Resolution 1244/99)","Gini coefficient (scale from 0 to 100)",":"
