"TIME","GEO","CURRENCY","Value"
"1999S1","Belgium","Euro","1,074.44"
"1999S1","Bulgaria","Euro","31.19"
"1999S1","Czechia","Euro","92.35"
"1999S1","Denmark","Euro",":"
"1999S1","Germany (until 1990 former territory of the FRG)","Euro",":"
"1999S1","Estonia","Euro","79.89"
"1999S1","Ireland","Euro",":"
"1999S1","Greece","Euro","505.06"
"1999S1","Spain","Euro","485.71"
"1999S1","France","Euro","1,035.97"
"1999S1","Croatia","Euro",":"
"1999S1","Italy","Euro",":"
"1999S1","Cyprus","Euro",":"
"1999S1","Latvia","Euro","75.18"
"1999S1","Lithuania","Euro","92.14"
"1999S1","Luxembourg","Euro","1,162.08"
"1999S1","Hungary","Euro","89.15"
"1999S1","Malta","Euro","464.93"
"1999S1","Netherlands","Euro","1,064.20"
"1999S1","Austria","Euro",":"
"1999S1","Poland","Euro","158.94"
"1999S1","Portugal","Euro","356.72"
"1999S1","Romania","Euro","27.31"
"1999S1","Slovenia","Euro","361.33"
"1999S1","Slovakia","Euro","69.43"
"1999S1","Finland","Euro",":"
"1999S1","Sweden","Euro",":"
"1999S1","Iceland","Euro",":"
"1999S1","Norway","Euro",":"
"1999S1","Switzerland","Euro",":"
"1999S1","United Kingdom","Euro",":"
"1999S1","Montenegro","Euro",":"
"1999S1","North Macedonia","Euro",":"
"1999S1","Albania","Euro",":"
"1999S1","Serbia","Euro",":"
"1999S1","Turkey","Euro","213.51"
"1999S1","United States","Euro","765.12"
"1999S2","Belgium","Euro","1,095.89"
"1999S2","Bulgaria","Euro","34.26"
"1999S2","Czechia","Euro","98.85"
"1999S2","Denmark","Euro",":"
"1999S2","Germany (until 1990 former territory of the FRG)","Euro",":"
"1999S2","Estonia","Euro","79.89"
"1999S2","Ireland","Euro",":"
"1999S2","Greece","Euro","512.13"
"1999S2","Spain","Euro","485.71"
"1999S2","France","Euro","1,049.49"
"1999S2","Croatia","Euro",":"
"1999S2","Italy","Euro",":"
"1999S2","Cyprus","Euro",":"
"1999S2","Latvia","Euro","80.49"
"1999S2","Lithuania","Euro","104.05"
"1999S2","Luxembourg","Euro","1,162.08"
"1999S2","Hungary","Euro","90.13"
"1999S2","Malta","Euro","482.98"
"1999S2","Netherlands","Euro","1,078.40"
"1999S2","Austria","Euro",":"
"1999S2","Poland","Euro","160.18"
"1999S2","Portugal","Euro","356.72"
"1999S2","Romania","Euro","27.46"
"1999S2","Slovenia","Euro","347.72"
"1999S2","Slovakia","Euro","79.42"
"1999S2","Finland","Euro",":"
"1999S2","Sweden","Euro",":"
"1999S2","Iceland","Euro",":"
"1999S2","Norway","Euro",":"
"1999S2","Switzerland","Euro",":"
"1999S2","United Kingdom","Euro","902.03"
"1999S2","Montenegro","Euro",":"
"1999S2","North Macedonia","Euro",":"
"1999S2","Albania","Euro","45.12"
"1999S2","Serbia","Euro",":"
"1999S2","Turkey","Euro","215.22"
"1999S2","United States","Euro","864.32"
"2000S1","Belgium","Euro","1,095.89"
"2000S1","Bulgaria","Euro","34.26"
"2000S1","Czechia","Euro","110.79"
"2000S1","Denmark","Euro",":"
"2000S1","Germany (until 1990 former territory of the FRG)","Euro",":"
"2000S1","Estonia","Euro","89.48"
"2000S1","Ireland","Euro",":"
"2000S1","Greece","Euro","526.05"
"2000S1","Spain","Euro","495.60"
"2000S1","France","Euro","1,049.49"
"2000S1","Croatia","Euro",":"
"2000S1","Italy","Euro",":"
"2000S1","Cyprus","Euro",":"
"2000S1","Latvia","Euro","85.02"
"2000S1","Lithuania","Euro","107.05"
"2000S1","Luxembourg","Euro","1,191.13"
"2000S1","Hungary","Euro","100.12"
"2000S1","Malta","Euro","505.05"
"2000S1","Netherlands","Euro","1,092.00"
"2000S1","Austria","Euro",":"
"2000S1","Poland","Euro","161.11"
"2000S1","Portugal","Euro","371.27"
"2000S1","Romania","Euro","24.53"
"2000S1","Slovenia","Euro","373.35"
"2000S1","Slovakia","Euro","94.34"
"2000S1","Finland","Euro",":"
"2000S1","Sweden","Euro",":"
"2000S1","Iceland","Euro",":"
"2000S1","Norway","Euro",":"
"2000S1","Switzerland","Euro",":"
"2000S1","United Kingdom","Euro","952.23"
"2000S1","Montenegro","Euro",":"
"2000S1","North Macedonia","Euro",":"
"2000S1","Albania","Euro","46.98"
"2000S1","Serbia","Euro",":"
"2000S1","Turkey","Euro","201.62"
"2000S1","United States","Euro","888.58"
"2000S2","Belgium","Euro","1,095.89"
"2000S2","Bulgaria","Euro","38.35"
"2000S2","Czechia","Euro","126.33"
"2000S2","Denmark","Euro",":"
"2000S2","Germany (until 1990 former territory of the FRG)","Euro",":"
"2000S2","Estonia","Euro","89.48"
"2000S2","Ireland","Euro","944.71"
"2000S2","Greece","Euro","533.93"
"2000S2","Spain","Euro","495.60"
"2000S2","France","Euro","1,083.29"
"2000S2","Croatia","Euro",":"
"2000S2","Italy","Euro",":"
"2000S2","Cyprus","Euro",":"
"2000S2","Latvia","Euro","87.78"
"2000S2","Lithuania","Euro","112.61"
"2000S2","Luxembourg","Euro","1,220.88"
"2000S2","Hungary","Euro","98.02"
"2000S2","Malta","Euro","509.59"
"2000S2","Netherlands","Euro","1,110.80"
"2000S2","Austria","Euro",":"
"2000S2","Poland","Euro","167.32"
"2000S2","Portugal","Euro","371.27"
"2000S2","Romania","Euro","34.29"
"2000S2","Slovenia","Euro","371.40"
"2000S2","Slovakia","Euro","93.81"
"2000S2","Finland","Euro",":"
"2000S2","Sweden","Euro",":"
"2000S2","Iceland","Euro",":"
"2000S2","Norway","Euro",":"
"2000S2","Switzerland","Euro",":"
"2000S2","United Kingdom","Euro","936.26"
"2000S2","Montenegro","Euro",":"
"2000S2","North Macedonia","Euro",":"
"2000S2","Albania","Euro","52.36"
"2000S2","Serbia","Euro",":"
"2000S2","Turkey","Euro","201.12"
"2000S2","United States","Euro","934.15"
"2001S1","Belgium","Euro","1,117.88"
"2001S1","Bulgaria","Euro","40.42"
"2001S1","Czechia","Euro","142.67"
"2001S1","Denmark","Euro",":"
"2001S1","Germany (until 1990 former territory of the FRG)","Euro",":"
"2001S1","Estonia","Euro","102.26"
"2001S1","Ireland","Euro","944.71"
"2001S1","Greece","Euro","543.55"
"2001S1","Spain","Euro","505.69"
"2001S1","France","Euro","1,083.29"
"2001S1","Croatia","Euro",":"
"2001S1","Italy","Euro",":"
"2001S1","Cyprus","Euro",":"
"2001S1","Latvia","Euro","86.75"
"2001S1","Lithuania","Euro","115.50"
"2001S1","Luxembourg","Euro","1,258.75"
"2001S1","Hungary","Euro","150.94"
"2001S1","Malta","Euro","530.42"
"2001S1","Netherlands","Euro","1,154.50"
"2001S1","Austria","Euro",":"
"2001S1","Poland","Euro","197.41"
"2001S1","Portugal","Euro","389.89"
"2001S1","Romania","Euro","41.42"
"2001S1","Slovenia","Euro","395.33"
"2001S1","Slovakia","Euro","100.15"
"2001S1","Finland","Euro",":"
"2001S1","Sweden","Euro",":"
"2001S1","Iceland","Euro",":"
"2001S1","Norway","Euro",":"
"2001S1","Switzerland","Euro",":"
"2001S1","United Kingdom","Euro","977.41"
"2001S1","Montenegro","Euro",":"
"2001S1","North Macedonia","Euro",":"
"2001S1","Albania","Euro","52.80"
"2001S1","Serbia","Euro",":"
"2001S1","Turkey","Euro","224.17"
"2001S1","United States","Euro","959.34"
"2001S2","Belgium","Euro","1,140.24"
"2001S2","Bulgaria","Euro","43.65"
"2001S2","Czechia","Euro","148.02"
"2001S2","Denmark","Euro",":"
"2001S2","Germany (until 1990 former territory of the FRG)","Euro",":"
"2001S2","Estonia","Euro","102.26"
"2001S2","Ireland","Euro","1,008.93"
"2001S2","Greece","Euro","551.70"
"2001S2","Spain","Euro","505.69"
"2001S2","France","Euro","1,127.23"
"2001S2","Croatia","Euro",":"
"2001S2","Italy","Euro",":"
"2001S2","Cyprus","Euro",":"
"2001S2","Latvia","Euro","111.30"
"2001S2","Lithuania","Euro","126.75"
"2001S2","Luxembourg","Euro","1,290.21"
"2001S2","Hungary","Euro","164.18"
"2001S2","Malta","Euro","547.76"
"2001S2","Netherlands","Euro","1,180.40"
"2001S2","Austria","Euro",":"
"2001S2","Poland","Euro","225.55"
"2001S2","Portugal","Euro","389.89"
"2001S2","Romania","Euro","56.64"
"2001S2","Slovenia","Euro","386.49"
"2001S2","Slovakia","Euro","104.11"
"2001S2","Finland","Euro",":"
"2001S2","Sweden","Euro",":"
"2001S2","Iceland","Euro",":"
"2001S2","Norway","Euro",":"
"2001S2","Switzerland","Euro",":"
"2001S2","United Kingdom","Euro","1,011.44"
"2001S2","Montenegro","Euro",":"
"2001S2","North Macedonia","Euro",":"
"2001S2","Albania","Euro","60.13"
"2001S2","Serbia","Euro",":"
"2001S2","Turkey","Euro","157.36"
"2001S2","United States","Euro","1,052.68"
"2002S1","Belgium","Euro","1,140.24"
"2002S1","Bulgaria","Euro","51.38"
"2002S1","Czechia","Euro","178.34"
"2002S1","Denmark","Euro",":"
"2002S1","Germany (until 1990 former territory of the FRG)","Euro",":"
"2002S1","Estonia","Euro","118.24"
"2002S1","Ireland","Euro","1,008.93"
"2002S1","Greece","Euro","571.71"
"2002S1","Spain","Euro","515.90"
"2002S1","France","Euro","1,127.23"
"2002S1","Croatia","Euro",":"
"2002S1","Italy","Euro",":"
"2002S1","Cyprus","Euro",":"
"2002S1","Latvia","Euro","107.86"
"2002S1","Lithuania","Euro","122.06"
"2002S1","Luxembourg","Euro","1,290.21"
"2002S1","Hungary","Euro","203.93"
"2002S1","Malta","Euro","557.45"
"2002S1","Netherlands","Euro","1,206.60"
"2002S1","Austria","Euro",":"
"2002S1","Poland","Euro","217.43"
"2002S1","Portugal","Euro","406.01"
"2002S1","Romania","Euro","50.33"
"2002S1","Slovenia","Euro","432.63"
"2002S1","Slovakia","Euro","115.01"
"2002S1","Finland","Euro",":"
"2002S1","Sweden","Euro",":"
"2002S1","Iceland","Euro",":"
"2002S1","Norway","Euro",":"
"2002S1","Switzerland","Euro",":"
"2002S1","United Kingdom","Euro","1,109.29"
"2002S1","Montenegro","Euro",":"
"2002S1","North Macedonia","Euro",":"
"2002S1","Albania","Euro","62.78"
"2002S1","Serbia","Euro",":"
"2002S1","Turkey","Euro","174.87"
"2002S1","United States","Euro","1,012.90"
"2002S2","Belgium","Euro","1,163.02"
"2002S2","Bulgaria","Euro","51.24"
"2002S2","Czechia","Euro","194.76"
"2002S2","Denmark","Euro",":"
"2002S2","Germany (until 1990 former territory of the FRG)","Euro",":"
"2002S2","Estonia","Euro","118.24"
"2002S2","Ireland","Euro","1,008.93"
"2002S2","Greece","Euro","582.00"
"2002S2","Spain","Euro","515.90"
"2002S2","France","Euro","1,154.27"
"2002S2","Croatia","Euro",":"
"2002S2","Italy","Euro",":"
"2002S2","Cyprus","Euro",":"
"2002S2","Latvia","Euro","100.18"
"2002S2","Lithuania","Euro","124.55"
"2002S2","Luxembourg","Euro","1,322.47"
"2002S2","Hungary","Euro","204.14"
"2002S2","Malta","Euro","532.39"
"2002S2","Netherlands","Euro","1,231.80"
"2002S2","Austria","Euro",":"
"2002S2","Poland","Euro","187.20"
"2002S2","Portugal","Euro","406.01"
"2002S2","Romania","Euro","52.38"
"2002S2","Slovenia","Euro","417.87"
"2002S2","Slovakia","Euro","112.02"
"2002S2","Finland","Euro",":"
"2002S2","Sweden","Euro",":"
"2002S2","Iceland","Euro",":"
"2002S2","Norway","Euro",":"
"2002S2","Switzerland","Euro",":"
"2002S2","United Kingdom","Euro","1,038.78"
"2002S2","Montenegro","Euro",":"
"2002S2","North Macedonia","Euro",":"
"2002S2","Albania","Euro","67.75"
"2002S2","Serbia","Euro","92.72"
"2002S2","Turkey","Euro","158.99"
"2002S2","United States","Euro","894.91"
"2003S1","Belgium","Euro","1,163.02"
"2003S1","Bulgaria","Euro","56.28"
"2003S1","Czechia","Euro","196.35"
"2003S1","Denmark","Euro",":"
"2003S1","Germany (until 1990 former territory of the FRG)","Euro",":"
"2003S1","Estonia","Euro","138.05"
"2003S1","Ireland","Euro","1,073.15"
"2003S1","Greece","Euro","606.52"
"2003S1","Spain","Euro","526.40"
"2003S1","France","Euro","1,154.27"
"2003S1","Croatia","Euro",":"
"2003S1","Italy","Euro",":"
"2003S1","Cyprus","Euro",":"
"2003S1","Latvia","Euro","114.01"
"2003S1","Lithuania","Euro","124.55"
"2003S1","Luxembourg","Euro","1,368.74"
"2003S1","Hungary","Euro","211.60"
"2003S1","Malta","Euro","550.53"
"2003S1","Netherlands","Euro","1,249.20"
"2003S1","Austria","Euro",":"
"2003S1","Poland","Euro","198.96"
"2003S1","Portugal","Euro","416.03"
"2003S1","Romania","Euro","71.15"
"2003S1","Slovenia","Euro","450.31"
"2003S1","Slovakia","Euro","134.21"
"2003S1","Finland","Euro",":"
"2003S1","Sweden","Euro",":"
"2003S1","Iceland","Euro",":"
"2003S1","Norway","Euro",":"
"2003S1","Switzerland","Euro",":"
"2003S1","United Kingdom","Euro","1,063.80"
"2003S1","Montenegro","Euro",":"
"2003S1","North Macedonia","Euro",":"
"2003S1","Albania","Euro","67.06"
"2003S1","Serbia","Euro","101.46"
"2003S1","Turkey","Euro","176.06"
"2003S1","United States","Euro","851.22"
"2003S2","Belgium","Euro","1,186.31"
"2003S2","Bulgaria","Euro","56.52"
"2003S2","Czechia","Euro","196.38"
"2003S2","Denmark","Euro",":"
"2003S2","Germany (until 1990 former territory of the FRG)","Euro",":"
"2003S2","Estonia","Euro","138.05"
"2003S2","Ireland","Euro","1,073.15"
"2003S2","Greece","Euro","606.52"
"2003S2","Spain","Euro","526.40"
"2003S2","France","Euro","1,215.11"
"2003S2","Croatia","Euro",":"
"2003S2","Italy","Euro",":"
"2003S2","Cyprus","Euro",":"
"2003S2","Latvia","Euro","107.87"
"2003S2","Lithuania","Euro","124.54"
"2003S2","Luxembourg","Euro","1,368.74"
"2003S2","Hungary","Euro","187.54"
"2003S2","Malta","Euro","539.56"
"2003S2","Netherlands","Euro","1,264.80"
"2003S2","Austria","Euro",":"
"2003S2","Poland","Euro","178.67"
"2003S2","Portugal","Euro","416.03"
"2003S2","Romania","Euro","66.38"
"2003S2","Slovenia","Euro","443.01"
"2003S2","Slovakia","Euro","134.06"
"2003S2","Finland","Euro",":"
"2003S2","Sweden","Euro",":"
"2003S2","Iceland","Euro",":"
"2003S2","Norway","Euro",":"
"2003S2","Switzerland","Euro",":"
"2003S2","United Kingdom","Euro","998.27"
"2003S2","Montenegro","Euro",":"
"2003S2","North Macedonia","Euro",":"
"2003S2","Albania","Euro","74.40"
"2003S2","Serbia","Euro","104.88"
"2003S2","Turkey","Euro","189.12"
"2003S2","United States","Euro","781.19"
"2004S1","Belgium","Euro","1,186.31"
"2004S1","Bulgaria","Euro","61.36"
"2004S1","Czechia","Euro","206.73"
"2004S1","Denmark","Euro",":"
"2004S1","Germany (until 1990 former territory of the FRG)","Euro",":"
"2004S1","Estonia","Euro","158.50"
"2004S1","Ireland","Euro","1,073.15"
"2004S1","Greece","Euro","630.77"
"2004S1","Spain","Euro","537.25"
"2004S1","France","Euro","1,215.11"
"2004S1","Croatia","Euro",":"
"2004S1","Italy","Euro",":"
"2004S1","Cyprus","Euro",":"
"2004S1","Latvia","Euro","118.96"
"2004S1","Lithuania","Euro","130.34"
"2004S1","Luxembourg","Euro","1,402.96"
"2004S1","Hungary","Euro","201.90"
"2004S1","Malta","Euro","540.84"
"2004S1","Netherlands","Euro","1,264.80"
"2004S1","Austria","Euro",":"
"2004S1","Poland","Euro","175.25"
"2004S1","Portugal","Euro","425.95"
"2004S1","Romania","Euro","68.03"
"2004S1","Slovenia","Euro","470.99"
"2004S1","Slovakia","Euro","147.68"
"2004S1","Finland","Euro",":"
"2004S1","Sweden","Euro",":"
"2004S1","Iceland","Euro",":"
"2004S1","Norway","Euro",":"
"2004S1","Switzerland","Euro",":"
"2004S1","United Kingdom","Euro","1,054.20"
"2004S1","Montenegro","Euro",":"
"2004S1","North Macedonia","Euro",":"
"2004S1","Albania","Euro","74.90"
"2004S1","Serbia","Euro","115.95"
"2004S1","Turkey","Euro","238.77"
"2004S1","United States","Euro","706.79"
"2004S2","Belgium","Euro","1,186.31"
"2004S2","Bulgaria","Euro","61.35"
"2004S2","Czechia","Euro","210.99"
"2004S2","Denmark","Euro",":"
"2004S2","Germany (until 1990 former territory of the FRG)","Euro",":"
"2004S2","Estonia","Euro","158.50"
"2004S2","Ireland","Euro","1,183.00"
"2004S2","Greece","Euro","630.77"
"2004S2","Spain","Euro","572.60"
"2004S2","France","Euro","1,286.09"
"2004S2","Croatia","Euro",":"
"2004S2","Italy","Euro",":"
"2004S2","Cyprus","Euro",":"
"2004S2","Latvia","Euro","121.77"
"2004S2","Lithuania","Euro","144.81"
"2004S2","Luxembourg","Euro","1,402.96"
"2004S2","Hungary","Euro","210.65"
"2004S2","Malta","Euro","547.69"
"2004S2","Netherlands","Euro","1,264.80"
"2004S2","Austria","Euro",":"
"2004S2","Poland","Euro","182.16"
"2004S2","Portugal","Euro","425.95"
"2004S2","Romania","Euro","68.92"
"2004S2","Slovenia","Euro","464.54"
"2004S2","Slovakia","Euro","152.48"
"2004S2","Finland","Euro",":"
"2004S2","Sweden","Euro",":"
"2004S2","Iceland","Euro",":"
"2004S2","Norway","Euro",":"
"2004S2","Switzerland","Euro",":"
"2004S2","United Kingdom","Euro","1,107.72"
"2004S2","Montenegro","Euro",":"
"2004S2","North Macedonia","Euro",":"
"2004S2","Albania","Euro","87.76"
"2004S2","Serbia","Euro","123.90"
"2004S2","Turkey","Euro","246.03"
"2004S2","United States","Euro","734.41"
"2005S1","Belgium","Euro","1,210.00"
"2005S1","Bulgaria","Euro","76.69"
"2005S1","Czechia","Euro","235.85"
"2005S1","Denmark","Euro",":"
"2005S1","Germany (until 1990 former territory of the FRG)","Euro",":"
"2005S1","Estonia","Euro","171.92"
"2005S1","Ireland","Euro","1,183.00"
"2005S1","Greece","Euro","667.68"
"2005S1","Spain","Euro","598.50"
"2005S1","France","Euro","1,286.09"
"2005S1","Croatia","Euro",":"
"2005S1","Italy","Euro",":"
"2005S1","Cyprus","Euro",":"
"2005S1","Latvia","Euro","114.63"
"2005S1","Lithuania","Euro","144.81"
"2005S1","Luxembourg","Euro","1,466.77"
"2005S1","Hungary","Euro","231.74"
"2005S1","Malta","Euro","555.06"
"2005S1","Netherlands","Euro","1,264.80"
"2005S1","Austria","Euro",":"
"2005S1","Poland","Euro","207.86"
"2005S1","Portugal","Euro","437.15"
"2005S1","Romania","Euro","78.70"
"2005S1","Slovenia","Euro","490.07"
"2005S1","Slovakia","Euro","167.76"
"2005S1","Finland","Euro",":"
"2005S1","Sweden","Euro",":"
"2005S1","Iceland","Euro",":"
"2005S1","Norway","Euro",":"
"2005S1","Switzerland","Euro",":"
"2005S1","United Kingdom","Euro","1,134.67"
"2005S1","Montenegro","Euro",":"
"2005S1","North Macedonia","Euro",":"
"2005S1","Albania","Euro","85.48"
"2005S1","Serbia","Euro","124.70"
"2005S1","Turkey","Euro","266.15"
"2005S1","United States","Euro","655.36"
"2005S2","Belgium","Euro","1,210.00"
"2005S2","Bulgaria","Euro","76.69"
"2005S2","Czechia","Euro","239.26"
"2005S2","Denmark","Euro",":"
"2005S2","Germany (until 1990 former territory of the FRG)","Euro",":"
"2005S2","Estonia","Euro","171.92"
"2005S2","Ireland","Euro","1,292.85"
"2005S2","Greece","Euro","667.68"
"2005S2","Spain","Euro","598.50"
"2005S2","France","Euro","1,217.88"
"2005S2","Croatia","Euro",":"
"2005S2","Italy","Euro",":"
"2005S2","Cyprus","Euro",":"
"2005S2","Latvia","Euro","114.93"
"2005S2","Lithuania","Euro","159.29"
"2005S2","Luxembourg","Euro","1,466.77"
"2005S2","Hungary","Euro","230.55"
"2005S2","Malta","Euro","561.53"
"2005S2","Netherlands","Euro","1,264.80"
"2005S2","Austria","Euro",":"
"2005S2","Poland","Euro","210.21"
"2005S2","Portugal","Euro","437.15"
"2005S2","Romania","Euro","86.04"
"2005S2","Slovenia","Euro","490.67"
"2005S2","Slovakia","Euro","169.21"
"2005S2","Finland","Euro",":"
"2005S2","Sweden","Euro",":"
"2005S2","Iceland","Euro",":"
"2005S2","Norway","Euro",":"
"2005S2","Switzerland","Euro",":"
"2005S2","United Kingdom","Euro","1,186.59"
"2005S2","Montenegro","Euro",":"
"2005S2","North Macedonia","Euro",":"
"2005S2","Albania","Euro","95.22"
"2005S2","Serbia","Euro","126.56"
"2005S2","Turkey","Euro","301.78"
"2005S2","United States","Euro","738.23"
"2006S1","Belgium","Euro","1,234.00"
"2006S1","Bulgaria","Euro","81.79"
"2006S1","Czechia","Euro","261.03"
"2006S1","Denmark","Euro",":"
"2006S1","Germany (until 1990 former territory of the FRG)","Euro",":"
"2006S1","Estonia","Euro","191.73"
"2006S1","Ireland","Euro","1,292.85"
"2006S1","Greece","Euro","709.71"
"2006S1","Spain","Euro","631.05"
"2006S1","France","Euro","1,217.88"
"2006S1","Croatia","Euro",":"
"2006S1","Italy","Euro",":"
"2006S1","Cyprus","Euro",":"
"2006S1","Latvia","Euro","129.27"
"2006S1","Lithuania","Euro","159.29"
"2006S1","Luxembourg","Euro","1,503.42"
"2006S1","Hungary","Euro","247.16"
"2006S1","Malta","Euro","584.24"
"2006S1","Netherlands","Euro","1,272.60"
"2006S1","Austria","Euro",":"
"2006S1","Poland","Euro","232.90"
"2006S1","Portugal","Euro","449.98"
"2006S1","Romania","Euro","89.67"
"2006S1","Slovenia","Euro","511.90"
"2006S1","Slovakia","Euro","182.15"
"2006S1","Finland","Euro",":"
"2006S1","Sweden","Euro",":"
"2006S1","Iceland","Euro",":"
"2006S1","Norway","Euro",":"
"2006S1","Switzerland","Euro",":"
"2006S1","United Kingdom","Euro","1,212.61"
"2006S1","Montenegro","Euro",":"
"2006S1","North Macedonia","Euro",":"
"2006S1","Albania","Euro","96.26"
"2006S1","Serbia","Euro","137.95"
"2006S1","Turkey","Euro","333.46"
"2006S1","United States","Euro","756.69"
"2006S2","Belgium","Euro","1,234.00"
"2006S2","Bulgaria","Euro","81.81"
"2006S2","Czechia","Euro","279.19"
"2006S2","Denmark","Euro",":"
"2006S2","Germany (until 1990 former territory of the FRG)","Euro",":"
"2006S2","Estonia","Euro","191.73"
"2006S2","Ireland","Euro","1,292.85"
"2006S2","Greece","Euro","709.71"
"2006S2","Spain","Euro","631.05"
"2006S2","France","Euro","1,254.28"
"2006S2","Croatia","Euro",":"
"2006S2","Italy","Euro",":"
"2006S2","Cyprus","Euro",":"
"2006S2","Latvia","Euro","129.29"
"2006S2","Lithuania","Euro","173.77"
"2006S2","Luxembourg","Euro","1,503.42"
"2006S2","Hungary","Euro","220.58"
"2006S2","Malta","Euro","584.24"
"2006S2","Netherlands","Euro","1,284.60"
"2006S2","Austria","Euro",":"
"2006S2","Poland","Euro","221.72"
"2006S2","Portugal","Euro","449.98"
"2006S2","Romania","Euro","92.43"
"2006S2","Slovenia","Euro","511.62"
"2006S2","Slovakia","Euro","179.92"
"2006S2","Finland","Euro",":"
"2006S2","Sweden","Euro",":"
"2006S2","Iceland","Euro",":"
"2006S2","Norway","Euro",":"
"2006S2","Switzerland","Euro",":"
"2006S2","United Kingdom","Euro","1,200.69"
"2006S2","Montenegro","Euro",":"
"2006S2","North Macedonia","Euro",":"
"2006S2","Albania","Euro","113.57"
"2006S2","Serbia","Euro","145.58"
"2006S2","Turkey","Euro","264.51"
"2006S2","United States","Euro","702.17"
"2007S1","Belgium","Euro","1,259.00"
"2007S1","Bulgaria","Euro","92.03"
"2007S1","Czechia","Euro","291.07"
"2007S1","Denmark","Euro",":"
"2007S1","Germany (until 1990 former territory of the FRG)","Euro",":"
"2007S1","Estonia","Euro","230.08"
"2007S1","Ireland","Euro","1,402.70"
"2007S1","Greece","Euro","730.30"
"2007S1","Spain","Euro","665.70"
"2007S1","France","Euro","1,254.28"
"2007S1","Croatia","Euro",":"
"2007S1","Italy","Euro",":"
"2007S1","Cyprus","Euro",":"
"2007S1","Latvia","Euro","172.12"
"2007S1","Lithuania","Euro","173.77"
"2007S1","Luxembourg","Euro","1,570.28"
"2007S1","Hungary","Euro","260.16"
"2007S1","Malta","Euro","601.90"
"2007S1","Netherlands","Euro","1,300.80"
"2007S1","Austria","Euro",":"
"2007S1","Poland","Euro","244.32"
"2007S1","Portugal","Euro","470.17"
"2007S1","Romania","Euro","115.27"
"2007S1","Slovenia","Euro","521.80"
"2007S1","Slovakia","Euro","220.71"
"2007S1","Finland","Euro",":"
"2007S1","Sweden","Euro",":"
"2007S1","Iceland","Euro",":"
"2007S1","Norway","Euro",":"
"2007S1","Switzerland","Euro",":"
"2007S1","United Kingdom","Euro","1,314.97"
"2007S1","Montenegro","Euro",":"
"2007S1","North Macedonia","Euro",":"
"2007S1","Albania","Euro","113.04"
"2007S1","Serbia","Euro","161.97"
"2007S1","Turkey","Euro","301.77"
"2007S1","United States","Euro","677.81"
"2007S2","Belgium","Euro","1,283.00"
"2007S2","Bulgaria","Euro","92.03"
"2007S2","Czechia","Euro","278.57"
"2007S2","Denmark","Euro",":"
"2007S2","Germany (until 1990 former territory of the FRG)","Euro",":"
"2007S2","Estonia","Euro","230.08"
"2007S2","Ireland","Euro","1,461.85"
"2007S2","Greece","Euro","767.55"
"2007S2","Spain","Euro","665.70"
"2007S2","France","Euro","1,280.07"
"2007S2","Croatia","Euro",":"
"2007S2","Italy","Euro",":"
"2007S2","Cyprus","Euro",":"
"2007S2","Latvia","Euro","172.34"
"2007S2","Lithuania","Euro","202.73"
"2007S2","Luxembourg","Euro","1,570.28"
"2007S2","Hungary","Euro","266.10"
"2007S2","Malta","Euro","601.90"
"2007S2","Netherlands","Euro","1,317.00"
"2007S2","Austria","Euro",":"
"2007S2","Poland","Euro","248.43"
"2007S2","Portugal","Euro","470.17"
"2007S2","Romania","Euro","124.44"
"2007S2","Slovenia","Euro","521.80"
"2007S2","Slovakia","Euro","225.96"
"2007S2","Finland","Euro",":"
"2007S2","Sweden","Euro",":"
"2007S2","Iceland","Euro",":"
"2007S2","Norway","Euro",":"
"2007S2","Switzerland","Euro",":"
"2007S2","United Kingdom","Euro","1,310.09"
"2007S2","Montenegro","Euro",":"
"2007S2","North Macedonia","Euro",":"
"2007S2","Albania","Euro","114.91"
"2007S2","Serbia","Euro","188.51"
"2007S2","Turkey","Euro","329.76"
"2007S2","United States","Euro","660.99"
"2008S1","Belgium","Euro","1,309.60"
"2008S1","Bulgaria","Euro","112.49"
"2008S1","Czechia","Euro","300.44"
"2008S1","Denmark","Euro",":"
"2008S1","Germany (until 1990 former territory of the FRG)","Euro",":"
"2008S1","Estonia","Euro","278.02"
"2008S1","Ireland","Euro","1,461.85"
"2008S1","Greece","Euro","794.02"
"2008S1","Spain","Euro","700.00"
"2008S1","France","Euro","1,280.07"
"2008S1","Croatia","Euro",":"
"2008S1","Italy","Euro",":"
"2008S1","Cyprus","Euro",":"
"2008S1","Latvia","Euro","229.75"
"2008S1","Lithuania","Euro","231.70"
"2008S1","Luxembourg","Euro","1,570.28"
"2008S1","Hungary","Euro","271.94"
"2008S1","Malta","Euro","617.21"
"2008S1","Netherlands","Euro","1,335.00"
"2008S1","Austria","Euro",":"
"2008S1","Poland","Euro","313.34"
"2008S1","Portugal","Euro","497.00"
"2008S1","Romania","Euro","138.59"
"2008S1","Slovenia","Euro","538.53"
"2008S1","Slovakia","Euro","241.19"
"2008S1","Finland","Euro",":"
"2008S1","Sweden","Euro",":"
"2008S1","Iceland","Euro",":"
"2008S1","Norway","Euro",":"
"2008S1","Switzerland","Euro",":"
"2008S1","United Kingdom","Euro","1,242.24"
"2008S1","Montenegro","Euro",":"
"2008S1","North Macedonia","Euro",":"
"2008S1","Albania","Euro","131.38"
"2008S1","Serbia","Euro","208.37"
"2008S1","Turkey","Euro","354.34"
"2008S1","United States","Euro","688.81"
"2008S2","Belgium","Euro","1,335.80"
"2008S2","Bulgaria","Euro","112.49"
"2008S2","Czechia","Euro","334.83"
"2008S2","Denmark","Euro",":"
"2008S2","Germany (until 1990 former territory of the FRG)","Euro",":"
"2008S2","Estonia","Euro","278.02"
"2008S2","Ireland","Euro","1,461.85"
"2008S2","Greece","Euro","794.02"
"2008S2","Spain","Euro","700.00"
"2008S2","France","Euro","1,321.02"
"2008S2","Croatia","Euro","379.60"
"2008S2","Italy","Euro",":"
"2008S2","Cyprus","Euro",":"
"2008S2","Latvia","Euro","227.05"
"2008S2","Lithuania","Euro","231.70"
"2008S2","Luxembourg","Euro","1,609.53"
"2008S2","Hungary","Euro","293.08"
"2008S2","Malta","Euro","617.21"
"2008S2","Netherlands","Euro","1,356.60"
"2008S2","Austria","Euro",":"
"2008S2","Poland","Euro","335.99"
"2008S2","Portugal","Euro","497.00"
"2008S2","Romania","Euro","137.31"
"2008S2","Slovenia","Euro","566.50"
"2008S2","Slovakia","Euro","268.17"
"2008S2","Finland","Euro",":"
"2008S2","Sweden","Euro",":"
"2008S2","Iceland","Euro",":"
"2008S2","Norway","Euro",":"
"2008S2","Switzerland","Euro",":"
"2008S2","United Kingdom","Euro","1,149.89"
"2008S2","Montenegro","Euro",":"
"2008S2","North Macedonia","Euro",":"
"2008S2","Albania","Euro","139.29"
"2008S2","Serbia","Euro","233.09"
"2008S2","Turkey","Euro","330.54"
"2008S2","United States","Euro","643.24"
"2009S1","Belgium","Euro","1,387.50"
"2009S1","Bulgaria","Euro","122.71"
"2009S1","Czechia","Euro","297.67"
"2009S1","Denmark","Euro",":"
"2009S1","Germany (until 1990 former territory of the FRG)","Euro",":"
"2009S1","Estonia","Euro","278.02"
"2009S1","Ireland","Euro","1,461.85"
"2009S1","Greece","Euro","817.83"
"2009S1","Spain","Euro","728.00"
"2009S1","France","Euro","1,321.02"
"2009S1","Croatia","Euro","373.46"
"2009S1","Italy","Euro",":"
"2009S1","Cyprus","Euro",":"
"2009S1","Latvia","Euro","254.13"
"2009S1","Lithuania","Euro","231.70"
"2009S1","Luxembourg","Euro","1,641.74"
"2009S1","Hungary","Euro","268.09"
"2009S1","Malta","Euro","634.88"
"2009S1","Netherlands","Euro","1,381.20"
"2009S1","Austria","Euro",":"
"2009S1","Poland","Euro","307.21"
"2009S1","Portugal","Euro","525.00"
"2009S1","Romania","Euro","149.16"
"2009S1","Slovenia","Euro","589.19"
"2009S1","Slovakia","Euro","295.50"
"2009S1","Finland","Euro",":"
"2009S1","Sweden","Euro",":"
"2009S1","Iceland","Euro",":"
"2009S1","Norway","Euro",":"
"2009S1","Switzerland","Euro",":"
"2009S1","United Kingdom","Euro","995.28"
"2009S1","Montenegro","Euro",":"
"2009S1","North Macedonia","Euro",":"
"2009S1","Albania","Euro","137.32"
"2009S1","Serbia","Euro","232.99"
"2009S1","Turkey","Euro","309.94"
"2009S1","United States","Euro","815.79"
"2009S2","Belgium","Euro","1,387.50"
"2009S2","Bulgaria","Euro","122.71"
"2009S2","Czechia","Euro","309.10"
"2009S2","Denmark","Euro",":"
"2009S2","Germany (until 1990 former territory of the FRG)","Euro",":"
"2009S2","Estonia","Euro","278.02"
"2009S2","Ireland","Euro","1,461.85"
"2009S2","Greece","Euro","862.82"
"2009S2","Spain","Euro","728.00"
"2009S2","France","Euro","1,337.70"
"2009S2","Croatia","Euro","386.91"
"2009S2","Italy","Euro",":"
"2009S2","Cyprus","Euro",":"
"2009S2","Latvia","Euro","255.83"
"2009S2","Lithuania","Euro","231.70"
"2009S2","Luxembourg","Euro","1,682.76"
"2009S2","Hungary","Euro","263.30"
"2009S2","Malta","Euro","634.88"
"2009S2","Netherlands","Euro","1,398.60"
"2009S2","Austria","Euro",":"
"2009S2","Poland","Euro","286.61"
"2009S2","Portugal","Euro","525.00"
"2009S2","Romania","Euro","142.61"
"2009S2","Slovenia","Euro","589.19"
"2009S2","Slovakia","Euro","295.50"
"2009S2","Finland","Euro",":"
"2009S2","Sweden","Euro",":"
"2009S2","Iceland","Euro",":"
"2009S2","Norway","Euro",":"
"2009S2","Switzerland","Euro",":"
"2009S2","United Kingdom","Euro","1,112.55"
"2009S2","Montenegro","Euro",":"
"2009S2","North Macedonia","Euro",":"
"2009S2","Albania","Euro","137.66"
"2009S2","Serbia","Euro","220.23"
"2009S2","Turkey","Euro","320.81"
"2009S2","United States","Euro","803.26"
"2010S1","Belgium","Euro","1,387.50"
"2010S1","Bulgaria","Euro","122.71"
"2010S1","Czechia","Euro","302.19"
"2010S1","Denmark","Euro",":"
"2010S1","Germany (until 1990 former territory of the FRG)","Euro",":"
"2010S1","Estonia","Euro","278.02"
"2010S1","Ireland","Euro","1,461.85"
"2010S1","Greece","Euro","862.82"
"2010S1","Spain","Euro","738.85"
"2010S1","France","Euro","1,343.77"
"2010S1","Croatia","Euro","385.48"
"2010S1","Italy","Euro",":"
"2010S1","Cyprus","Euro",":"
"2010S1","Latvia","Euro","253.77"
"2010S1","Lithuania","Euro","231.70"
"2010S1","Luxembourg","Euro","1,682.76"
"2010S1","Hungary","Euro","271.80"
"2010S1","Malta","Euro","659.92"
"2010S1","Netherlands","Euro","1,407.60"
"2010S1","Austria","Euro",":"
"2010S1","Poland","Euro","320.87"
"2010S1","Portugal","Euro","554.17"
"2010S1","Romania","Euro","141.63"
"2010S1","Slovenia","Euro","597.43"
"2010S1","Slovakia","Euro","307.70"
"2010S1","Finland","Euro",":"
"2010S1","Sweden","Euro",":"
"2010S1","Iceland","Euro",":"
"2010S1","Norway","Euro",":"
"2010S1","Switzerland","Euro",":"
"2010S1","United Kingdom","Euro","1,076.46"
"2010S1","Montenegro","Euro",":"
"2010S1","North Macedonia","Euro",":"
"2010S1","Albania","Euro","130.47"
"2010S1","Serbia","Euro","222.37"
"2010S1","Turkey","Euro","338.33"
"2010S1","United States","Euro","872.32"
"2010S2","Belgium","Euro","1,387.50"
"2010S2","Bulgaria","Euro","122.71"
"2010S2","Czechia","Euro","311.39"
"2010S2","Denmark","Euro",":"
"2010S2","Germany (until 1990 former territory of the FRG)","Euro",":"
"2010S2","Estonia","Euro","278.02"
"2010S2","Ireland","Euro","1,461.85"
"2010S2","Greece","Euro","862.82"
"2010S2","Spain","Euro","738.85"
"2010S2","France","Euro","1,343.77"
"2010S2","Croatia","Euro","390.94"
"2010S2","Italy","Euro",":"
"2010S2","Cyprus","Euro",":"
"2010S2","Latvia","Euro","253.77"
"2010S2","Lithuania","Euro","231.70"
"2010S2","Luxembourg","Euro","1,724.81"
"2010S2","Hungary","Euro","256.99"
"2010S2","Malta","Euro","659.92"
"2010S2","Netherlands","Euro","1,416.00"
"2010S2","Austria","Euro",":"
"2010S2","Poland","Euro","317.58"
"2010S2","Portugal","Euro","554.17"
"2010S2","Romania","Euro","137.30"
"2010S2","Slovenia","Euro","734.15"
"2010S2","Slovakia","Euro","307.70"
"2010S2","Finland","Euro",":"
"2010S2","Sweden","Euro",":"
"2010S2","Iceland","Euro",":"
"2010S2","Norway","Euro",":"
"2010S2","Switzerland","Euro",":"
"2010S2","United Kingdom","Euro","1,169.49"
"2010S2","Montenegro","Euro",":"
"2010S2","North Macedonia","Euro",":"
"2010S2","Albania","Euro","139.25"
"2010S2","Serbia","Euro","203.29"
"2010S2","Turkey","Euro","392.01"
"2010S2","United States","Euro","1,024.09"
"2011S1","Belgium","Euro","1,415.24"
"2011S1","Bulgaria","Euro","122.71"
"2011S1","Czechia","Euro","319.22"
"2011S1","Denmark","Euro",":"
"2011S1","Germany (until 1990 former territory of the FRG)","Euro",":"
"2011S1","Estonia","Euro","278.02"
"2011S1","Ireland","Euro","1,461.85"
"2011S1","Greece","Euro","862.82"
"2011S1","Spain","Euro","748.30"
"2011S1","France","Euro","1,365.00"
"2011S1","Croatia","Euro","381.15"
"2011S1","Italy","Euro",":"
"2011S1","Cyprus","Euro",":"
"2011S1","Latvia","Euro","281.93"
"2011S1","Lithuania","Euro","231.70"
"2011S1","Luxembourg","Euro","1,757.56"
"2011S1","Hungary","Euro","280.63"
"2011S1","Malta","Euro","664.95"
"2011S1","Netherlands","Euro","1,424.40"
"2011S1","Austria","Euro",":"
"2011S1","Poland","Euro","348.68"
"2011S1","Portugal","Euro","565.83"
"2011S1","Romania","Euro","157.20"
"2011S1","Slovenia","Euro","748.10"
"2011S1","Slovakia","Euro","317.00"
"2011S1","Finland","Euro",":"
"2011S1","Sweden","Euro",":"
"2011S1","Iceland","Euro",":"
"2011S1","Norway","Euro",":"
"2011S1","Switzerland","Euro",":"
"2011S1","United Kingdom","Euro","1,136.22"
"2011S1","Montenegro","Euro",":"
"2011S1","North Macedonia","Euro",":"
"2011S1","Albania","Euro","136.92"
"2011S1","Serbia","Euro","212.88"
"2011S1","Turkey","Euro","384.89"
"2011S1","United States","Euro","940.48"
"2011S2","Belgium","Euro","1,443.54"
"2011S2","Bulgaria","Euro","122.71"
"2011S2","Czechia","Euro","328.61"
"2011S2","Denmark","Euro",":"
"2011S2","Germany (until 1990 former territory of the FRG)","Euro",":"
"2011S2","Estonia","Euro","278.02"
"2011S2","Ireland","Euro","1,461.85"
"2011S2","Greece","Euro","876.62"
"2011S2","Spain","Euro","748.30"
"2011S2","France","Euro","1,365.00"
"2011S2","Croatia","Euro","380.18"
"2011S2","Italy","Euro",":"
"2011S2","Cyprus","Euro",":"
"2011S2","Latvia","Euro","281.97"
"2011S2","Lithuania","Euro","231.70"
"2011S2","Luxembourg","Euro","1,757.56"
"2011S2","Hungary","Euro","293.11"
"2011S2","Malta","Euro","664.95"
"2011S2","Netherlands","Euro","1,435.20"
"2011S2","Austria","Euro",":"
"2011S2","Poland","Euro","347.34"
"2011S2","Portugal","Euro","565.83"
"2011S2","Romania","Euro","157.89"
"2011S2","Slovenia","Euro","748.10"
"2011S2","Slovakia","Euro","317.00"
"2011S2","Finland","Euro",":"
"2011S2","Sweden","Euro",":"
"2011S2","Iceland","Euro",":"
"2011S2","Norway","Euro",":"
"2011S2","Switzerland","Euro",":"
"2011S2","United Kingdom","Euro","1,083.60"
"2011S2","Montenegro","Euro",":"
"2011S2","North Macedonia","Euro",":"
"2011S2","Albania","Euro","141.43"
"2011S2","Serbia","Euro","234.88"
"2011S2","Turkey","Euro","356.17"
"2011S2","United States","Euro","869.48"
"2012S1","Belgium","Euro","1,443.54"
"2012S1","Bulgaria","Euro","138.05"
"2012S1","Czechia","Euro","310.23"
"2012S1","Denmark","Euro",":"
"2012S1","Germany (until 1990 former territory of the FRG)","Euro",":"
"2012S1","Estonia","Euro","290.00"
"2012S1","Ireland","Euro","1,461.85"
"2012S1","Greece","Euro","876.62"
"2012S1","Spain","Euro","748.30"
"2012S1","France","Euro","1,398.37"
"2012S1","Croatia","Euro","373.36"
"2012S1","Italy","Euro",":"
"2012S1","Cyprus","Euro",":"
"2012S1","Latvia","Euro","285.92"
"2012S1","Lithuania","Euro","231.70"
"2012S1","Luxembourg","Euro","1,801.49"
"2012S1","Hungary","Euro","295.63"
"2012S1","Malta","Euro","685.14"
"2012S1","Netherlands","Euro","1,446.60"
"2012S1","Austria","Euro",":"
"2012S1","Poland","Euro","336.47"
"2012S1","Portugal","Euro","565.83"
"2012S1","Romania","Euro","161.91"
"2012S1","Slovenia","Euro","763.06"
"2012S1","Slovakia","Euro","327.00"
"2012S1","Finland","Euro",":"
"2012S1","Sweden","Euro",":"
"2012S1","Iceland","Euro",":"
"2012S1","Norway","Euro",":"
"2012S1","Switzerland","Euro",":"
"2012S1","United Kingdom","Euro","1,201.96"
"2012S1","Montenegro","Euro",":"
"2012S1","North Macedonia","Euro",":"
"2012S1","Albania","Euro","143.96"
"2012S1","Serbia","Euro","229.99"
"2012S1","Turkey","Euro","362.84"
"2012S1","United States","Euro","971.22"
"2012S2","Belgium","Euro","1,472.42"
"2012S2","Bulgaria","Euro","148.28"
"2012S2","Czechia","Euro","312.01"
"2012S2","Denmark","Euro",":"
"2012S2","Germany (until 1990 former territory of the FRG)","Euro",":"
"2012S2","Estonia","Euro","290.00"
"2012S2","Ireland","Euro","1,461.85"
"2012S2","Greece","Euro","683.76"
"2012S2","Spain","Euro","748.30"
"2012S2","France","Euro","1,425.67"
"2012S2","Croatia","Euro","374.31"
"2012S2","Italy","Euro",":"
"2012S2","Cyprus","Euro",":"
"2012S2","Latvia","Euro","287.07"
"2012S2","Lithuania","Euro","231.70"
"2012S2","Luxembourg","Euro","1,801.49"
"2012S2","Hungary","Euro","323.17"
"2012S2","Malta","Euro","685.14"
"2012S2","Netherlands","Euro","1,456.20"
"2012S2","Austria","Euro",":"
"2012S2","Poland","Euro","353.04"
"2012S2","Portugal","Euro","565.83"
"2012S2","Romania","Euro","157.26"
"2012S2","Slovenia","Euro","763.06"
"2012S2","Slovakia","Euro","327.00"
"2012S2","Finland","Euro",":"
"2012S2","Sweden","Euro",":"
"2012S2","Iceland","Euro",":"
"2012S2","Norway","Euro",":"
"2012S2","Switzerland","Euro",":"
"2012S2","United Kingdom","Euro","1,244.42"
"2012S2","Montenegro","Euro",":"
"2012S2","North Macedonia","Euro",":"
"2012S2","Albania","Euro","151.99"
"2012S2","Serbia","Euro","234.90"
"2012S2","Turkey","Euro","411.89"
"2012S2","United States","Euro","998.15"
"2013S1","Belgium","Euro","1,501.82"
"2013S1","Bulgaria","Euro","158.50"
"2013S1","Czechia","Euro","318.08"
"2013S1","Denmark","Euro",":"
"2013S1","Germany (until 1990 former territory of the FRG)","Euro",":"
"2013S1","Estonia","Euro","320.00"
"2013S1","Ireland","Euro","1,461.85"
"2013S1","Greece","Euro","683.76"
"2013S1","Spain","Euro","752.85"
"2013S1","France","Euro","1,430.22"
"2013S1","Croatia","Euro","372.35"
"2013S1","Italy","Euro",":"
"2013S1","Cyprus","Euro",":"
"2013S1","Latvia","Euro","286.66"
"2013S1","Lithuania","Euro","289.62"
"2013S1","Luxembourg","Euro","1,874.19"
"2013S1","Hungary","Euro","335.27"
"2013S1","Malta","Euro","702.82"
"2013S1","Netherlands","Euro","1,469.40"
"2013S1","Austria","Euro",":"
"2013S1","Poland","Euro","392.73"
"2013S1","Portugal","Euro","565.83"
"2013S1","Romania","Euro","157.50"
"2013S1","Slovenia","Euro","783.66"
"2013S1","Slovakia","Euro","337.70"
"2013S1","Finland","Euro",":"
"2013S1","Sweden","Euro",":"
"2013S1","Iceland","Euro",":"
"2013S1","Norway","Euro",":"
"2013S1","Switzerland","Euro",":"
"2013S1","United Kingdom","Euro","1,249.85"
"2013S1","Montenegro","Euro",":"
"2013S1","North Macedonia","Euro","199.48"
"2013S1","Albania","Euro","150.44"
"2013S1","Serbia","Euro","239.24"
"2013S1","Turkey","Euro","415.52"
"2013S1","United States","Euro","952.46"
"2013S2","Belgium","Euro","1,501.82"
"2013S2","Bulgaria","Euro","158.50"
"2013S2","Czechia","Euro","308.30"
"2013S2","Denmark","Euro",":"
"2013S2","Germany (until 1990 former territory of the FRG)","Euro",":"
"2013S2","Estonia","Euro","320.00"
"2013S2","Ireland","Euro","1,461.85"
"2013S2","Greece","Euro","683.76"
"2013S2","Spain","Euro","752.85"
"2013S2","France","Euro","1,430.22"
"2013S2","Croatia","Euro","400.67"
"2013S2","Italy","Euro",":"
"2013S2","Cyprus","Euro",":"
"2013S2","Latvia","Euro","284.74"
"2013S2","Lithuania","Euro","289.62"
"2013S2","Luxembourg","Euro","1,874.19"
"2013S2","Hungary","Euro","332.37"
"2013S2","Malta","Euro","702.82"
"2013S2","Netherlands","Euro","1,477.80"
"2013S2","Austria","Euro",":"
"2013S2","Poland","Euro","368.87"
"2013S2","Portugal","Euro","565.83"
"2013S2","Romania","Euro","179.36"
"2013S2","Slovenia","Euro","783.66"
"2013S2","Slovakia","Euro","337.70"
"2013S2","Finland","Euro",":"
"2013S2","Sweden","Euro",":"
"2013S2","Iceland","Euro",":"
"2013S2","Norway","Euro",":"
"2013S2","Switzerland","Euro",":"
"2013S2","United Kingdom","Euro","1,189.92"
"2013S2","Montenegro","Euro","288.05"
"2013S2","North Macedonia","Euro","198.95"
"2013S2","Albania","Euro","156.07"
"2013S2","Serbia","Euro","236.27"
"2013S2","Turkey","Euro","405.20"
"2013S2","United States","Euro","960.76"
"2014S1","Belgium","Euro","1,501.82"
"2014S1","Bulgaria","Euro","173.84"
"2014S1","Czechia","Euro","309.91"
"2014S1","Denmark","Euro",":"
"2014S1","Germany (until 1990 former territory of the FRG)","Euro",":"
"2014S1","Estonia","Euro","355.00"
"2014S1","Ireland","Euro","1,461.85"
"2014S1","Greece","Euro","683.76"
"2014S1","Spain","Euro","752.85"
"2014S1","France","Euro","1,445.38"
"2014S1","Croatia","Euro","395.67"
"2014S1","Italy","Euro",":"
"2014S1","Cyprus","Euro",":"
"2014S1","Latvia","Euro","320.00"
"2014S1","Lithuania","Euro","289.62"
"2014S1","Luxembourg","Euro","1,921.03"
"2014S1","Hungary","Euro","341.70"
"2014S1","Malta","Euro","717.95"
"2014S1","Netherlands","Euro","1,485.60"
"2014S1","Austria","Euro",":"
"2014S1","Poland","Euro","404.40"
"2014S1","Portugal","Euro","565.83"
"2014S1","Romania","Euro","190.11"
"2014S1","Slovenia","Euro","789.15"
"2014S1","Slovakia","Euro","352.00"
"2014S1","Finland","Euro",":"
"2014S1","Sweden","Euro",":"
"2014S1","Iceland","Euro",":"
"2014S1","Norway","Euro",":"
"2014S1","Switzerland","Euro",":"
"2014S1","United Kingdom","Euro","1,251.05"
"2014S1","Montenegro","Euro","288.05"
"2014S1","North Macedonia","Euro","213.62"
"2014S1","Albania","Euro","156.92"
"2014S1","Serbia","Euro","235.30"
"2014S1","Turkey","Euro","361.76"
"2014S1","United States","Euro","911.22"
"2014S2","Belgium","Euro","1,501.82"
"2014S2","Bulgaria","Euro","173.84"
"2014S2","Czechia","Euro","309.62"
"2014S2","Denmark","Euro",":"
"2014S2","Germany (until 1990 former territory of the FRG)","Euro",":"
"2014S2","Estonia","Euro","355.00"
"2014S2","Ireland","Euro","1,461.85"
"2014S2","Greece","Euro","683.76"
"2014S2","Spain","Euro","752.85"
"2014S2","France","Euro","1,445.38"
"2014S2","Croatia","Euro","398.31"
"2014S2","Italy","Euro",":"
"2014S2","Cyprus","Euro",":"
"2014S2","Latvia","Euro","320.00"
"2014S2","Lithuania","Euro","289.62"
"2014S2","Luxembourg","Euro","1,921.03"
"2014S2","Hungary","Euro","328.16"
"2014S2","Malta","Euro","717.95"
"2014S2","Netherlands","Euro","1,495.20"
"2014S2","Austria","Euro",":"
"2014S2","Poland","Euro","404.16"
"2014S2","Portugal","Euro","565.83"
"2014S2","Romania","Euro","205.34"
"2014S2","Slovenia","Euro","789.15"
"2014S2","Slovakia","Euro","352.00"
"2014S2","Finland","Euro",":"
"2014S2","Sweden","Euro",":"
"2014S2","Iceland","Euro",":"
"2014S2","Norway","Euro",":"
"2014S2","Switzerland","Euro",":"
"2014S2","United Kingdom","Euro","1,301.31"
"2014S2","Montenegro","Euro","288.05"
"2014S2","North Macedonia","Euro","213.02"
"2014S2","Albania","Euro","156.85"
"2014S2","Serbia","Euro","232.68"
"2014S2","Turkey","Euro","391.45"
"2014S2","United States","Euro","920.10"
"2015S1","Belgium","Euro","1,501.82"
"2015S1","Bulgaria","Euro","184.07"
"2015S1","Czechia","Euro","331.71"
"2015S1","Denmark","Euro",":"
"2015S1","Germany (until 1990 former territory of the FRG)","Euro","1,440.00"
"2015S1","Estonia","Euro","390.00"
"2015S1","Ireland","Euro","1,461.85"
"2015S1","Greece","Euro","683.76"
"2015S1","Spain","Euro","756.70"
"2015S1","France","Euro","1,457.52"
"2015S1","Croatia","Euro","395.61"
"2015S1","Italy","Euro",":"
"2015S1","Cyprus","Euro",":"
"2015S1","Latvia","Euro","360.00"
"2015S1","Lithuania","Euro","300.00"
"2015S1","Luxembourg","Euro","1,922.96"
"2015S1","Hungary","Euro","332.76"
"2015S1","Malta","Euro","720.46"
"2015S1","Netherlands","Euro","1,501.80"
"2015S1","Austria","Euro",":"
"2015S1","Poland","Euro","409.53"
"2015S1","Portugal","Euro","589.17"
"2015S1","Romania","Euro","217.50"
"2015S1","Slovenia","Euro","790.73"
"2015S1","Slovakia","Euro","380.00"
"2015S1","Finland","Euro",":"
"2015S1","Sweden","Euro",":"
"2015S1","Iceland","Euro",":"
"2015S1","Norway","Euro",":"
"2015S1","Switzerland","Euro",":"
"2015S1","United Kingdom","Euro","1,378.87"
"2015S1","Montenegro","Euro","288.05"
"2015S1","North Macedonia","Euro","213.72"
"2015S1","Albania","Euro","156.99"
"2015S1","Serbia","Euro","235.04"
"2015S1","Turkey","Euro","424.26"
"2015S1","United States","Euro","1,035.06"
"2015S2","Belgium","Euro","1,501.82"
"2015S2","Bulgaria","Euro","194.29"
"2015S2","Czechia","Euro","337.58"
"2015S2","Denmark","Euro",":"
"2015S2","Germany (until 1990 former territory of the FRG)","Euro","1,440.00"
"2015S2","Estonia","Euro","390.00"
"2015S2","Ireland","Euro","1,461.85"
"2015S2","Greece","Euro","683.76"
"2015S2","Spain","Euro","756.70"
"2015S2","France","Euro","1,457.52"
"2015S2","Croatia","Euro","398.90"
"2015S2","Italy","Euro",":"
"2015S2","Cyprus","Euro",":"
"2015S2","Latvia","Euro","360.00"
"2015S2","Lithuania","Euro","325.00"
"2015S2","Luxembourg","Euro","1,922.96"
"2015S2","Hungary","Euro","333.41"
"2015S2","Malta","Euro","720.46"
"2015S2","Netherlands","Euro","1,507.80"
"2015S2","Austria","Euro",":"
"2015S2","Poland","Euro","417.55"
"2015S2","Portugal","Euro","589.17"
"2015S2","Romania","Euro","234.77"
"2015S2","Slovenia","Euro","790.73"
"2015S2","Slovakia","Euro","380.00"
"2015S2","Finland","Euro",":"
"2015S2","Sweden","Euro",":"
"2015S2","Iceland","Euro",":"
"2015S2","Norway","Euro",":"
"2015S2","Switzerland","Euro",":"
"2015S2","United Kingdom","Euro","1,509.70"
"2015S2","Montenegro","Euro","288.05"
"2015S2","North Macedonia","Euro","226.69"
"2015S2","Albania","Euro","156.82"
"2015S2","Serbia","Euro","235.51"
"2015S2","Turkey","Euro","425.17"
"2015S2","United States","Euro","1,123.13"
"2016S1","Belgium","Euro","1,501.82"
"2016S1","Bulgaria","Euro","214.75"
"2016S1","Czechia","Euro","366.35"
"2016S1","Denmark","Euro",":"
"2016S1","Germany (until 1990 former territory of the FRG)","Euro","1,440.00"
"2016S1","Estonia","Euro","430.00"
"2016S1","Ireland","Euro","1,546.35"
"2016S1","Greece","Euro","683.76"
"2016S1","Spain","Euro","764.40"
"2016S1","France","Euro","1,466.62"
"2016S1","Croatia","Euro","408.48"
"2016S1","Italy","Euro",":"
"2016S1","Cyprus","Euro",":"
"2016S1","Latvia","Euro","370.00"
"2016S1","Lithuania","Euro","350.00"
"2016S1","Luxembourg","Euro","1,922.96"
"2016S1","Hungary","Euro","351.29"
"2016S1","Malta","Euro","728.04"
"2016S1","Netherlands","Euro","1,524.60"
"2016S1","Austria","Euro",":"
"2016S1","Poland","Euro","433.88"
"2016S1","Portugal","Euro","618.33"
"2016S1","Romania","Euro","232.10"
"2016S1","Slovenia","Euro","790.73"
"2016S1","Slovakia","Euro","405.00"
"2016S1","Finland","Euro",":"
"2016S1","Sweden","Euro",":"
"2016S1","Iceland","Euro",":"
"2016S1","Norway","Euro",":"
"2016S1","Switzerland","Euro",":"
"2016S1","United Kingdom","Euro","1,512.36"
"2016S1","Montenegro","Euro","288.05"
"2016S1","North Macedonia","Euro","227.06"
"2016S1","Albania","Euro","160.26"
"2016S1","Serbia","Euro","233.53"
"2016S1","Turkey","Euro","518.50"
"2016S1","United States","Euro","1,154.28"
"2016S2","Belgium","Euro","1,531.93"
"2016S2","Bulgaria","Euro","214.75"
"2016S2","Czechia","Euro","364.90"
"2016S2","Denmark","Euro",":"
"2016S2","Germany (until 1990 former territory of the FRG)","Euro","1,440.00"
"2016S2","Estonia","Euro","430.00"
"2016S2","Ireland","Euro","1,546.35"
"2016S2","Greece","Euro","683.76"
"2016S2","Spain","Euro","764.40"
"2016S2","France","Euro","1,466.62"
"2016S2","Croatia","Euro","414.45"
"2016S2","Italy","Euro",":"
"2016S2","Cyprus","Euro",":"
"2016S2","Latvia","Euro","370.00"
"2016S2","Lithuania","Euro","380.00"
"2016S2","Luxembourg","Euro","1,922.96"
"2016S2","Hungary","Euro","350.09"
"2016S2","Malta","Euro","728.04"
"2016S2","Netherlands","Euro","1,537.20"
"2016S2","Austria","Euro",":"
"2016S2","Poland","Euro","417.02"
"2016S2","Portugal","Euro","618.33"
"2016S2","Romania","Euro","276.34"
"2016S2","Slovenia","Euro","790.73"
"2016S2","Slovakia","Euro","405.00"
"2016S2","Finland","Euro",":"
"2016S2","Sweden","Euro",":"
"2016S2","Iceland","Euro",":"
"2016S2","Norway","Euro",":"
"2016S2","Switzerland","Euro",":"
"2016S2","United Kingdom","Euro","1,443.44"
"2016S2","Montenegro","Euro","288.05"
"2016S2","North Macedonia","Euro","236.05"
"2016S2","Albania","Euro","160.20"
"2016S2","Serbia","Euro","230.14"
"2016S2","Turkey","Euro","513.72"
"2016S2","United States","Euro","1,131.93"
"2017S1","Belgium","Euro","1,531.93"
"2017S1","Bulgaria","Euro","235.20"
"2017S1","Czechia","Euro","407.09"
"2017S1","Denmark","Euro",":"
"2017S1","Germany (until 1990 former territory of the FRG)","Euro","1,498.00"
"2017S1","Estonia","Euro","470.00"
"2017S1","Ireland","Euro","1,563.25"
"2017S1","Greece","Euro","683.76"
"2017S1","Spain","Euro","825.65"
"2017S1","France","Euro","1,480.27"
"2017S1","Croatia","Euro","433.35"
"2017S1","Italy","Euro",":"
"2017S1","Cyprus","Euro",":"
"2017S1","Latvia","Euro","380.00"
"2017S1","Lithuania","Euro","380.00"
"2017S1","Luxembourg","Euro","1,998.59"
"2017S1","Hungary","Euro","411.52"
"2017S1","Malta","Euro","735.63"
"2017S1","Netherlands","Euro","1,551.60"
"2017S1","Austria","Euro",":"
"2017S1","Poland","Euro","453.48"
"2017S1","Portugal","Euro","649.83"
"2017S1","Romania","Euro","275.39"
"2017S1","Slovenia","Euro","804.96"
"2017S1","Slovakia","Euro","435.00"
"2017S1","Finland","Euro",":"
"2017S1","Sweden","Euro",":"
"2017S1","Iceland","Euro",":"
"2017S1","Norway","Euro",":"
"2017S1","Switzerland","Euro",":"
"2017S1","United Kingdom","Euro","1,393.40"
"2017S1","Montenegro","Euro","288.05"
"2017S1","North Macedonia","Euro","240.89"
"2017S1","Albania","Euro","162.69"
"2017S1","Serbia","Euro","247.93"
"2017S1","Turkey","Euro","479.47"
"2017S1","United States","Euro","1,192.17"
"2017S2","Belgium","Euro","1,562.59"
"2017S2","Bulgaria","Euro","235.20"
"2017S2","Czechia","Euro","419.90"
"2017S2","Denmark","Euro",":"
"2017S2","Germany (until 1990 former territory of the FRG)","Euro","1,498.00"
"2017S2","Estonia","Euro","470.00"
"2017S2","Ireland","Euro","1,563.25"
"2017S2","Greece","Euro","683.76"
"2017S2","Spain","Euro","825.65"
"2017S2","France","Euro","1,480.27"
"2017S2","Croatia","Euro","442.09"
"2017S2","Italy","Euro",":"
"2017S2","Cyprus","Euro",":"
"2017S2","Latvia","Euro","380.00"
"2017S2","Lithuania","Euro","380.00"
"2017S2","Luxembourg","Euro","1,998.59"
"2017S2","Hungary","Euro","412.66"
"2017S2","Malta","Euro","735.63"
"2017S2","Netherlands","Euro","1,565.40"
"2017S2","Austria","Euro",":"
"2017S2","Poland","Euro","473.27"
"2017S2","Portugal","Euro","649.83"
"2017S2","Romania","Euro","318.52"
"2017S2","Slovenia","Euro","804.96"
"2017S2","Slovakia","Euro","435.00"
"2017S2","Finland","Euro",":"
"2017S2","Sweden","Euro",":"
"2017S2","Iceland","Euro",":"
"2017S2","Norway","Euro",":"
"2017S2","Switzerland","Euro",":"
"2017S2","United Kingdom","Euro","1,413.58"
"2017S2","Montenegro","Euro","288.05"
"2017S2","North Macedonia","Euro","277.62"
"2017S2","Albania","Euro","181.01"
"2017S2","Serbia","Euro","253.10"
"2017S2","Turkey","Euro","442.89"
"2017S2","United States","Euro","1,101.18"
"2018S1","Belgium","Euro","1,562.59"
"2018S1","Bulgaria","Euro","260.76"
"2018S1","Czechia","Euro","477.78"
"2018S1","Denmark","Euro",":"
"2018S1","Germany (until 1990 former territory of the FRG)","Euro","1,498.00"
"2018S1","Estonia","Euro","500.00"
"2018S1","Ireland","Euro","1,613.95"
"2018S1","Greece","Euro","683.76"
"2018S1","Spain","Euro","858.55"
"2018S1","France","Euro","1,498.47"
"2018S1","Croatia","Euro","462.34"
"2018S1","Italy","Euro",":"
"2018S1","Cyprus","Euro",":"
"2018S1","Latvia","Euro","430.00"
"2018S1","Lithuania","Euro","400.00"
"2018S1","Luxembourg","Euro","1,998.59"
"2018S1","Hungary","Euro","444.69"
"2018S1","Malta","Euro","747.54"
"2018S1","Netherlands","Euro","1,578.00"
"2018S1","Austria","Euro",":"
"2018S1","Poland","Euro","502.75"
"2018S1","Portugal","Euro","676.67"
"2018S1","Romania","Euro","407.86"
"2018S1","Slovenia","Euro","842.79"
"2018S1","Slovakia","Euro","480.00"
"2018S1","Finland","Euro",":"
"2018S1","Sweden","Euro",":"
"2018S1","Iceland","Euro",":"
"2018S1","Norway","Euro",":"
"2018S1","Switzerland","Euro",":"
"2018S1","United Kingdom","Euro","1,399.86"
"2018S1","Montenegro","Euro","288.05"
"2018S1","North Macedonia","Euro","278.58"
"2018S1","Albania","Euro","180.52"
"2018S1","Serbia","Euro","285.41"
"2018S1","Turkey","Euro","446.40"
"2018S1","United States","Euro","1,047.83"
"2018S2","Belgium","Euro","1,562.59"
"2018S2","Bulgaria","Euro","260.76"
"2018S2","Czechia","Euro","468.87"
"2018S2","Denmark","Euro",":"
"2018S2","Germany (until 1990 former territory of the FRG)","Euro","1,498.00"
"2018S2","Estonia","Euro","500.00"
"2018S2","Ireland","Euro","1,613.95"
"2018S2","Greece","Euro","683.76"
"2018S2","Spain","Euro","858.55"
"2018S2","France","Euro","1,498.47"
"2018S2","Croatia","Euro","465.72"
"2018S2","Italy","Euro",":"
"2018S2","Cyprus","Euro",":"
"2018S2","Latvia","Euro","430.00"
"2018S2","Lithuania","Euro","400.00"
"2018S2","Luxembourg","Euro","1,998.59"
"2018S2","Hungary","Euro","418.47"
"2018S2","Malta","Euro","747.54"
"2018S2","Netherlands","Euro","1,594.20"
"2018S2","Austria","Euro",":"
"2018S2","Poland","Euro","480.20"
"2018S2","Portugal","Euro","676.67"
"2018S2","Romania","Euro","407.45"
"2018S2","Slovenia","Euro","842.79"
"2018S2","Slovakia","Euro","480.00"
"2018S2","Finland","Euro",":"
"2018S2","Sweden","Euro",":"
"2018S2","Iceland","Euro",":"
"2018S2","Norway","Euro",":"
"2018S2","Switzerland","Euro",":"
"2018S2","United Kingdom","Euro","1,467.19"
"2018S2","Montenegro","Euro","288.05"
"2018S2","North Macedonia","Euro","282.48"
"2018S2","Albania","Euro","190.58"
"2018S2","Serbia","Euro","282.51"
"2018S2","Turkey","Euro","380.16"
"2018S2","United States","Euro","1,077.94"
"2019S1","Belgium","Euro","1,593.81"
"2019S1","Bulgaria","Euro","286.33"
"2019S1","Czechia","Euro","518.97"
"2019S1","Denmark","Euro",":"
"2019S1","Germany (until 1990 former territory of the FRG)","Euro","1,557.00"
"2019S1","Estonia","Euro","540.00"
"2019S1","Ireland","Euro","1,656.20"
"2019S1","Greece","Euro","683.76"
"2019S1","Spain","Euro","1,050.00"
"2019S1","France","Euro","1,521.22"
"2019S1","Croatia","Euro","505.90"
"2019S1","Italy","Euro",":"
"2019S1","Cyprus","Euro",":"
"2019S1","Latvia","Euro","430.00"
"2019S1","Lithuania","Euro","555.00"
"2019S1","Luxembourg","Euro","2,089.75"
"2019S1","Hungary","Euro","464.20"
"2019S1","Malta","Euro","761.97"
"2019S1","Netherlands","Euro","1,615.80"
"2019S1","Austria","Euro",":"
"2019S1","Poland","Euro","523.09"
"2019S1","Portugal","Euro","700.00"
"2019S1","Romania","Euro","446.02"
"2019S1","Slovenia","Euro","886.63"
"2019S1","Slovakia","Euro","520.00"
"2019S1","Finland","Euro",":"
"2019S1","Sweden","Euro",":"
"2019S1","Iceland","Euro",":"
"2019S1","Norway","Euro",":"
"2019S1","Switzerland","Euro",":"
"2019S1","United Kingdom","Euro","1,453.28"
"2019S1","Montenegro","Euro","288.05"
"2019S1","North Macedonia","Euro",":"
"2019S1","Albania","Euro","210.66"
"2019S1","Serbia","Euro","308.03"
"2019S1","Turkey","Euro","422.26"
"2019S1","United States","Euro","1,097.53"
"2019S2","Belgium","Euro","1,593.81"
"2019S2","Bulgaria","Euro","286.33"
"2019S2","Czechia","Euro","524.62"
"2019S2","Denmark","Euro",":"
"2019S2","Germany (until 1990 former territory of the FRG)","Euro","1,557.00"
"2019S2","Estonia","Euro","540.00"
"2019S2","Ireland","Euro","1,656.20"
"2019S2","Greece","Euro","758.33"
"2019S2","Spain","Euro","1,050.00"
"2019S2","France","Euro","1,521.22"
"2019S2","Croatia","Euro","506.94"
"2019S2","Italy","Euro",":"
"2019S2","Cyprus","Euro",":"
"2019S2","Latvia","Euro","430.00"
"2019S2","Lithuania","Euro","555.00"
"2019S2","Luxembourg","Euro","2,089.75"
"2019S2","Hungary","Euro","460.74"
"2019S2","Malta","Euro","761.97"
"2019S2","Netherlands","Euro","1,635.60"
"2019S2","Austria","Euro",":"
"2019S2","Poland","Euro","529.46"
"2019S2","Portugal","Euro","700.00"
"2019S2","Romania","Euro","439.35"
"2019S2","Slovenia","Euro","886.63"
"2019S2","Slovakia","Euro","520.00"
"2019S2","Finland","Euro",":"
"2019S2","Sweden","Euro",":"
"2019S2","Iceland","Euro",":"
"2019S2","Norway","Euro",":"
"2019S2","Switzerland","Euro",":"
"2019S2","United Kingdom","Euro","1,517.11"
"2019S2","Montenegro","Euro","331.33"
"2019S2","North Macedonia","Euro",":"
"2019S2","Albania","Euro","211.99"
"2019S2","Serbia","Euro","308.41"
"2019S2","Turkey","Euro","389.67"
"2019S2","United States","Euro","1,104.28"
"2020S1","Belgium","Euro","1,593.81"
"2020S1","Bulgaria","Euro","311.89"
"2020S1","Czechia","Euro","574.62"
"2020S1","Denmark","Euro",":"
"2020S1","Germany (until 1990 former territory of the FRG)","Euro","1,584.00"
"2020S1","Estonia","Euro","584.00"
"2020S1","Ireland","Euro","1,656.20"
"2020S1","Greece","Euro","758.33"
"2020S1","Spain","Euro","1,108.33"
"2020S1","France","Euro","1,539.42"
"2020S1","Croatia","Euro","546.07"
"2020S1","Italy","Euro",":"
"2020S1","Cyprus","Euro",":"
"2020S1","Latvia","Euro","430.00"
"2020S1","Lithuania","Euro","607.00"
"2020S1","Luxembourg","Euro","2,141.99"
"2020S1","Hungary","Euro","487.10"
"2020S1","Malta","Euro","777.10"
"2020S1","Netherlands","Euro","1,653.60"
"2020S1","Austria","Euro",":"
"2020S1","Poland","Euro","610.79"
"2020S1","Portugal","Euro","740.83"
"2020S1","Romania","Euro","466.23"
"2020S1","Slovenia","Euro","940.58"
"2020S1","Slovakia","Euro","580.00"
"2020S1","Finland","Euro",":"
"2020S1","Sweden","Euro",":"
"2020S1","Iceland","Euro",":"
"2020S1","Norway","Euro",":"
"2020S1","Switzerland","Euro",":"
"2020S1","United Kingdom","Euro","1,598.69"
"2020S1","Montenegro","Euro","331.33"
"2020S1","North Macedonia","Euro",":"
"2020S1","Albania","Euro","213.45"
"2020S1","Serbia","Euro","344.43"
"2020S1","Turkey","Euro","440.29"
"2020S1","United States","Euro","1,118.63"
"2020S2","Belgium","Euro","1,625.72"
"2020S2","Bulgaria","Euro","311.89"
"2020S2","Czechia","Euro","546.00"
"2020S2","Denmark","Euro",":"
"2020S2","Germany (until 1990 former territory of the FRG)","Euro","1,584.00"
"2020S2","Estonia","Euro","584.00"
"2020S2","Ireland","Euro","1,706.90"
"2020S2","Greece","Euro","758.33"
"2020S2","Spain","Euro","1,108.33"
"2020S2","France","Euro","1,539.42"
"2020S2","Croatia","Euro","546.07"
"2020S2","Italy","Euro",":"
"2020S2","Cyprus","Euro",":"
"2020S2","Latvia","Euro","430.00"
"2020S2","Lithuania","Euro","607.00"
"2020S2","Luxembourg","Euro","2,141.99"
"2020S2","Hungary","Euro","451.51"
"2020S2","Malta","Euro","777.10"
"2020S2","Netherlands","Euro","1,680.00"
"2020S2","Austria","Euro",":"
"2020S2","Poland","Euro","583.48"
"2020S2","Portugal","Euro","740.83"
"2020S2","Romania","Euro","460.77"
"2020S2","Slovenia","Euro","940.58"
"2020S2","Slovakia","Euro","580.00"
"2020S2","Finland","Euro",":"
"2020S2","Sweden","Euro",":"
"2020S2","Iceland","Euro",":"
"2020S2","Norway","Euro",":"
"2020S2","Switzerland","Euro",":"
"2020S2","United Kingdom","Euro","1,583.31"
"2020S2","Montenegro","Euro","331.33"
"2020S2","North Macedonia","Euro",":"
"2020S2","Albania","Euro","209.10"
"2020S2","Serbia","Euro","344.43"
"2020S2","Turkey","Euro","383.40"
"2020S2","United States","Euro","1,122.22"
"2021S1","Belgium","Euro","1,625.72"
"2021S1","Bulgaria","Euro","332.34"
"2021S1","Czechia","Euro","579.22"
"2021S1","Denmark","Euro",":"
"2021S1","Germany (until 1990 former territory of the FRG)","Euro","1,614.00"
"2021S1","Estonia","Euro","584.00"
"2021S1","Ireland","Euro","1,723.80"
"2021S1","Greece","Euro","758.33"
"2021S1","Spain","Euro","1,108.33"
"2021S1","France","Euro","1,554.58"
"2021S1","Croatia","Euro","562.77"
"2021S1","Italy","Euro",":"
"2021S1","Cyprus","Euro",":"
"2021S1","Latvia","Euro","500.00"
"2021S1","Lithuania","Euro","642.00"
"2021S1","Luxembourg","Euro","2,201.93"
"2021S1","Hungary","Euro","442.44"
"2021S1","Malta","Euro","784.68"
"2021S1","Netherlands","Euro","1,684.80"
"2021S1","Austria","Euro",":"
"2021S1","Poland","Euro","614.08"
"2021S1","Portugal","Euro","775.83"
"2021S1","Romania","Euro","458.07"
"2021S1","Slovenia","Euro","1,024.24"
"2021S1","Slovakia","Euro","623.00"
"2021S1","Finland","Euro",":"
"2021S1","Sweden","Euro",":"
"2021S1","Iceland","Euro",":"
"2021S1","Norway","Euro",":"
"2021S1","Switzerland","Euro",":"
"2021S1","United Kingdom","Euro",":"
"2021S1","Montenegro","Euro","331.33"
"2021S1","North Macedonia","Euro",":"
"2021S1","Albania","Euro","242.52"
"2021S1","Serbia","Euro","366.04"
"2021S1","Turkey","Euro","392.57"
"2021S1","United States","Euro","1,024.09"
